nep4_zbl 3 Mg O H 
zbl 1.25 2.5 0.7
cutoff 6.5 4 323 78
n_max 6 6
basis_size 8 8
l_max 4 2 0
ANN 50 0
  5.7193035e-01
  6.5642887e-01
  1.7816299e+00
 -3.2936606e-01
  3.3654854e-01
  2.6198655e-01
  2.2734892e-01
  8.0122441e-02
 -2.5114313e-01
  1.5585116e-01
 -6.4621620e-02
  1.3925065e-01
  3.3199459e-01
 -4.9396303e-01
  1.7833987e-01
 -3.2300398e-01
  1.9329917e-01
  3.8710448e-01
 -7.9811043e-01
 -7.5949794e-01
 -1.2786542e-01
  2.4139164e-01
  3.9478898e-01
  2.0397326e-01
  4.0006074e-01
 -7.9228342e-02
 -2.3865985e-02
 -5.2713549e-01
 -7.8281485e-02
 -5.4389590e-01
 -1.3509317e-01
  3.1401727e-02
 -2.2358076e-01
 -5.0232049e-02
 -5.2206393e-02
 -4.0009496e-01
 -1.5699261e-01
 -1.9894162e-01
 -3.8209319e-01
 -2.0649140e-01
  3.9081860e-01
 -3.0081149e-02
  3.2873981e+00
  7.5600572e-02
  7.4278899e-02
 -1.6646320e+00
 -1.8007998e+00
 -1.8355729e-01
 -2.3845884e-01
  4.9703678e-01
 -4.3402024e-02
 -9.8116264e-02
  8.2998708e-02
  1.9777501e-02
 -3.3555958e-01
 -3.4079656e-01
 -5.0917141e-02
 -5.1903218e-02
 -4.6639779e-01
 -1.9717699e-01
 -1.5770897e-01
  2.3073496e-01
 -1.7866951e-01
 -2.9522312e-01
  3.3712536e-02
 -2.1596669e-01
  7.2564495e-01
 -2.1200326e-01
 -1.2082788e-01
  1.1124472e-01
  4.8413971e-01
 -5.1777524e-01
 -3.4752092e-01
  3.0088055e+00
 -1.1212987e+00
  6.6950709e-01
  5.3620267e-01
 -5.1968843e-01
 -4.1533446e-01
  2.4866821e-01
  1.1943010e-01
  8.0721885e-01
 -4.9956211e-01
  2.1386482e-01
  1.7199191e+00
 -1.0714270e+00
  8.6129808e-01
 -7.1535248e-01
  1.7097630e-01
  2.9959977e+00
 -1.5848597e+00
 -2.0431981e+00
 -3.1394286e+00
 -7.0473278e-01
 -3.8660273e-01
 -1.4402177e+00
 -1.5255783e-01
 -1.0038027e+00
 -9.1921484e-01
 -3.4190376e+00
 -3.8145450e-01
 -8.4103268e-01
 -3.9822516e-01
 -2.3566909e-01
 -6.6285215e-02
 -4.3212980e-01
 -5.3759062e-01
  5.0080222e-01
 -3.9378393e-01
 -7.2378188e-01
 -8.7427056e-01
  4.5989630e-01
 -1.9418851e+00
 -1.4757805e-01
 -7.2845352e-01
 -5.3518963e-01
 -2.8799564e-01
  1.3676275e-01
 -3.8977209e-01
  1.4927793e-01
  9.5284951e-01
 -2.7578818e-03
  1.2579504e-01
 -1.4199063e-01
 -4.5287911e-02
  1.1312252e-01
 -1.1341110e+00
  6.6528171e-01
 -1.0921201e+00
  1.8865786e-01
 -2.5356991e+00
  2.8130859e-02
  5.9275490e-01
  4.9897879e-01
 -1.7781550e-01
 -3.3310664e-01
 -3.0589175e-01
  2.1647362e-01
  6.1283547e-01
 -2.0033008e-01
 -4.2524111e-01
  3.5850286e-01
 -4.2463186e-01
  5.0530866e-02
  1.0885973e+00
  4.3692000e-02
 -1.0794707e-01
  2.8346476e-01
  2.7247852e-01
 -6.1613792e-01
  1.7353220e-01
  1.5613750e-01
 -7.5858706e-01
 -1.2837785e-01
  4.3044963e-01
  2.8688189e-01
  1.3095709e+00
 -1.8282878e-01
 -3.7125185e-01
 -1.1064552e+00
  9.7354837e-02
 -4.2156011e-01
 -6.4174050e-01
  4.5302382e-01
  3.3348566e-01
  1.4796492e-01
 -1.0201132e-01
 -2.6013492e-02
  1.0055825e+00
 -3.9738798e+00
 -1.7621249e+00
  7.8556246e-01
 -9.5891267e-01
  3.0595779e-01
  2.1729677e+00
  1.0146332e+00
  3.4105277e-01
  2.7483079e+00
  2.2671230e+00
  1.7102585e+00
 -1.1685988e+00
  1.4852425e+00
  6.1891955e-01
  1.1614703e+00
  2.3127913e+00
  2.0109458e+00
 -3.2045013e-01
  1.9162275e-01
  2.4190521e+00
  7.2087461e-01
  2.3012224e-01
  1.4985183e+00
  1.5770372e+00
 -6.8402964e-01
  7.5591785e-01
  8.6589301e-01
 -4.1342410e-01
  7.0169437e-01
  9.9737579e-01
  2.1500005e-01
 -1.6433474e+00
  2.3657129e+00
 -1.5808001e+00
 -4.0327179e-01
 -6.3560551e-01
  1.7836883e+00
  1.4637958e-01
 -4.6843800e-01
 -7.7592087e-01
  3.9773977e-01
  3.2746720e-01
  8.0456950e-02
  8.0636823e-01
  2.3368716e-01
 -2.2658336e+00
  7.5512975e-01
  1.2383723e+00
 -2.6987317e-01
 -1.0111949e+00
 -1.4961183e+00
  3.5744193e-01
  1.0911690e+00
 -3.0703474e-02
 -2.0254284e-01
 -1.8188888e-01
 -2.8967234e-01
 -9.8399639e-01
 -1.6968006e-01
 -1.7391205e-02
 -5.2516586e-01
 -5.9568298e-01
 -3.4980273e-01
 -6.3283043e-03
 -7.3750305e-01
  8.0183554e-01
  1.2537505e-01
 -2.6523507e-01
  6.4297312e-01
 -1.3016018e-01
 -6.0717810e-02
  5.9038490e-01
  3.5612908e-01
 -3.4403563e-01
  4.1103727e-01
 -2.4112938e-01
 -7.6814812e-01
  1.6730480e-02
 -6.2315274e-02
 -3.9933282e-01
 -4.9789435e-01
  2.8268081e-01
  4.2742584e-02
  3.2387877e-01
  3.9114863e-01
 -3.3976123e-01
 -1.6969992e-01
 -2.3189929e+00
 -5.1299530e-01
  1.3477038e-01
 -1.1919311e+00
  3.2737023e-01
  4.6464201e-02
 -1.3144428e+00
 -9.2409350e-02
 -1.7405577e-01
 -1.3055795e-01
 -8.2718447e-02
 -1.4187360e-01
 -1.3989741e-01
 -4.6650454e-01
  2.7047732e-01
  5.2566111e-01
 -6.2156254e-01
  1.3882349e-01
 -4.4345233e-01
 -3.0170611e-01
 -1.0958704e-01
  2.7892724e-01
  2.4730926e-02
 -1.2823378e-01
 -2.3881078e-02
  1.6213423e-02
 -6.7964699e-03
 -3.6457649e-01
  3.9841595e-01
  1.8304144e-01
 -8.1216276e-01
  5.5549330e-01
 -1.5007874e-01
  7.4796915e-01
 -1.5020925e-01
  4.7252384e-01
  3.3622175e-01
 -3.3102390e-01
 -2.6090457e+00
  3.0255513e+00
 -8.5231876e-01
  1.2506589e+00
 -1.5700655e+00
 -3.2345825e-01
  8.3687127e-02
 -1.6022007e-01
  2.8551769e+00
  3.0483383e-01
  2.9128504e-01
  1.4178795e-01
  2.2005486e-01
  7.8384161e-01
  6.6711569e-01
  1.5957404e+00
  7.9310757e-01
  5.1093745e-01
  1.6415588e+00
  3.4694141e-01
  3.2243401e-02
 -1.9091089e-01
  3.1499016e-01
  6.0865664e-01
  7.3493087e-01
  9.8137522e-01
  4.1138865e-02
 -2.8933403e-01
  7.1195745e-01
  4.3813965e-01
  2.6258573e-01
  6.7880577e-01
  1.4779577e-01
 -9.7341508e-01
  2.6630464e-01
 -2.3543300e-02
 -1.0020738e+00
  6.2282693e-02
  6.5093018e-02
  2.2703423e-01
 -2.6706058e-01
 -6.2089808e-02
  3.2895305e+00
  4.0291708e-02
 -4.3369994e+00
 -6.0119534e-01
  3.1895010e+00
 -8.4688133e-01
  6.1962886e+00
  7.0401675e-01
  1.0851210e+00
 -1.8616402e+00
 -1.0859288e+00
  6.6085047e-01
  3.0548432e+00
 -6.0580537e-02
  1.4798622e+00
  1.6975556e-01
 -5.5189538e-01
 -1.2429610e+00
 -1.5503819e+00
  8.4603542e-01
 -3.2917206e+00
 -3.2501376e+00
 -2.5038028e-01
 -4.7786099e-01
 -6.9719541e-01
  5.2750182e-01
 -4.7999471e-01
  7.3628724e-02
 -1.1315809e+00
  6.2956208e-01
 -7.8465603e-02
 -3.0542412e-01
 -1.9998113e+00
  1.6906589e-01
  1.4665848e+00
  1.7216879e-01
  1.5146387e+00
 -1.0544808e+00
 -3.4855035e-01
 -4.2836029e-02
  8.3974415e-01
 -6.1981302e-01
 -8.2481420e-01
  3.1797302e+00
 -2.0207034e-01
  2.6549697e+00
 -2.6191602e+00
  7.0669550e-01
  1.9992419e-01
 -3.1833202e-02
  9.8184460e-01
  5.5960588e-02
 -2.6037881e+00
 -1.8487452e+00
 -6.0801093e-02
  9.8216695e-01
 -1.0360807e+00
  3.8110408e-01
 -9.9105799e-01
 -1.1539710e+00
 -1.4933751e+00
 -7.2366714e-01
 -1.5874584e+00
 -7.6439857e-01
 -7.4737269e-01
 -6.0653460e-01
 -1.8743606e+00
  6.3403720e-01
 -1.2960240e+00
 -1.5231644e+00
 -1.0815390e+00
 -2.6489511e-01
  1.7022870e+00
 -1.1915144e+00
  3.6116214e-03
 -1.0561882e+00
  5.0829715e-01
  1.1624628e-01
  1.1411025e-01
 -3.8716650e-01
 -1.6390546e-01
  3.1724104e-01
 -4.4574949e-01
  1.0637867e+00
  1.6424460e+00
 -6.5774655e-01
 -1.8911144e+00
 -5.1920038e-01
  7.7083588e-01
  3.5365970e+00
  4.7671571e-01
  1.1531360e-01
 -3.7806126e-01
 -2.8556580e-02
  9.4590926e-01
 -2.4617423e-01
  9.2957568e-01
 -6.9041795e-01
  3.1330732e-01
  4.4358027e-01
  2.7379051e-01
  1.2732521e-01
  2.8963764e+00
  1.1068276e-01
  3.4709120e-01
 -5.5540901e-01
  2.7234294e-02
  5.5514723e-01
  1.5054098e+00
  1.9942218e-01
 -5.7049465e-01
  5.8935261e-01
 -5.6314474e-01
 -3.9529967e-01
 -7.1706349e-01
  6.0693425e-01
 -5.8327836e-01
  4.5630509e-01
  1.0044668e+00
 -2.8105953e-01
 -2.7407902e-01
  9.7729176e-02
 -2.7236967e+00
 -2.8007517e-03
 -4.7534654e-01
 -1.2851200e-01
 -2.9462183e-01
  1.7924362e+00
 -1.3451697e+00
  2.3831598e-01
 -2.9469826e+00
  8.4762657e-01
  4.2767055e-02
  4.1460440e-01
 -3.2279649e-01
 -1.8135438e+00
 -4.0828595e-01
 -2.4806388e-02
 -4.2086962e-01
  5.1398712e-01
  1.4335625e-01
  4.4750571e-01
  1.0202385e-01
  4.9280056e-01
  6.1901432e-01
  3.8003567e-01
 -2.1664149e-01
  1.2988915e-01
 -3.1956935e-01
  9.7861886e-01
  1.9912070e-01
  3.4855556e-01
 -1.4248617e-01
  7.4459106e-01
 -2.8068912e-01
  9.3549848e-02
 -9.7453237e-02
 -6.1903626e-01
  4.3720230e-01
 -4.3311101e-01
  2.5760025e-01
 -1.6150886e-01
 -5.6949716e-02
  9.4715171e-02
  1.5266274e-01
 -1.0225186e-01
 -6.0527038e-02
 -2.3685792e-01
 -4.8271239e-02
  1.7412498e+00
 -4.4183511e-02
  4.9687698e-01
 -2.5761158e+00
 -4.7927910e-01
  8.3991873e-01
 -3.6226907e-01
 -3.4404299e-01
 -4.8709590e-02
  1.1851717e-01
  1.7211838e-01
  2.2428766e-01
  5.3394064e-02
  1.5052606e-01
  7.3442858e-01
 -5.6173694e-01
 -5.1976269e-01
  6.7165548e-01
 -2.5866833e-01
 -1.4453414e-01
  3.6539641e-01
 -2.1866482e-01
  3.0629596e-01
 -3.0357268e-01
  4.7816479e-01
  1.4024276e-01
  2.6477981e-01
  2.0912209e-01
  2.1414240e-01
 -3.5615540e-01
  3.7679201e-01
  6.4776307e-01
 -1.5017346e-01
 -4.0168071e-01
 -2.0631187e-01
 -4.9743083e-01
  3.3650574e-01
  3.8699228e-01
  8.1745185e-02
  3.2312685e-01
 -2.3102628e-01
  9.9346507e-01
 -1.2125961e-01
 -1.0275438e+00
  2.2469056e+00
 -1.0500591e+00
  1.2533848e+00
  2.2635637e-02
 -3.1803399e-01
  2.3334251e-01
 -2.5412515e-01
  7.8545726e-04
  1.0473426e-01
  1.0677929e+00
  3.3006829e-01
 -6.9400825e-02
 -1.3662841e+00
 -9.4025207e-01
 -9.3877947e-01
  4.8592836e-01
 -5.1807886e-01
 -4.3035799e-01
  7.0327461e-02
 -2.0353276e-01
 -1.6835741e+00
 -5.4068708e-01
  5.4318720e-01
  7.1802783e-01
  3.0574584e-01
 -1.1249777e+00
  4.6578515e-01
  8.2804114e-01
 -3.9373115e-01
  6.7120731e-01
  5.8572799e-01
 -2.0426415e-01
 -6.7573860e-02
  1.2951772e-01
 -5.1759285e-01
 -1.9013116e-01
  3.1645577e-02
 -4.6012685e-01
  5.9463090e-01
 -4.2814383e-04
  5.0435428e-02
 -1.1476039e-01
  1.9110499e-01
  1.0113004e+00
 -9.7535975e-02
 -1.9734016e-01
 -5.2698588e-01
  1.9671583e-01
 -1.3976680e-01
  2.1850699e-01
 -3.0772598e-02
 -2.0851524e-01
 -5.2116334e-01
  9.6473873e-02
 -4.6530357e-01
  1.3546780e-01
  1.9909105e-01
 -2.3362948e-01
  3.8565818e-02
  4.4231370e-01
  2.9646036e-01
  5.5184764e-01
 -9.8720595e-02
 -4.0999955e-01
 -4.6934745e-01
  5.8878388e-02
 -7.2005332e-01
  8.8905489e-01
 -4.8534939e-01
 -6.0771000e-01
 -4.4437012e-01
 -1.1028747e-01
 -2.9401901e-01
  3.5159194e-01
  5.8810240e-01
 -7.4112020e-02
 -6.2533438e-02
 -3.0152288e-01
 -1.7047399e-01
 -1.7905836e-01
 -1.7786448e-01
 -7.8410560e-01
  1.6292347e+00
  1.6949197e+00
  3.8771725e-01
 -5.7014531e-01
  1.5541826e-01
  9.0702796e-01
 -6.0900056e-01
  2.6268506e-01
  2.6977277e-01
  8.8778031e-01
  3.5726127e-01
 -2.0316963e-01
 -3.2944772e-01
  2.1178664e-01
 -1.5831919e-01
 -1.2037645e-01
  3.2708517e-01
  3.9786029e-01
  4.1124392e-01
  8.5711968e-01
  9.3175256e-01
  2.4155842e-01
 -1.2528107e-01
  2.4106702e-01
  5.3627598e-01
  8.7941915e-01
  3.2547778e-01
  3.6184457e-01
  2.5905433e-01
 -3.4785345e-01
 -4.2825401e-01
 -1.0241733e+00
  1.9689378e-01
  5.7473505e-01
  5.8480166e-02
 -2.3279445e-02
  2.1447023e-02
  9.0561509e-01
  4.5713808e-02
  9.9891320e-02
 -1.9922061e-01
  5.1537150e-01
 -1.0455288e+00
  1.1606863e-02
  7.1717799e-01
  1.3957994e-01
  6.6341817e-01
  3.2126853e-01
  3.8568917e-01
 -6.8067819e-01
 -2.2287031e-01
  1.3312437e-01
 -3.3087802e-01
 -5.8049016e-02
 -1.7107409e+00
 -2.1872121e-01
  2.4144681e-01
 -2.9272521e-01
 -1.8025497e-01
  1.1955988e-01
 -5.7243234e-01
 -7.6487738e-01
  2.0572439e-01
  7.7920821e-03
  9.7492300e-02
 -9.1795361e-01
 -8.0061883e-02
  1.9816910e-01
 -5.8552325e-01
 -3.3856696e-01
 -3.5119581e-01
  3.3100620e-01
  3.1557318e-02
  1.7720227e-01
 -3.7997255e-01
  4.5312414e-01
  2.6665154e-01
 -1.2047397e-01
 -1.3798566e-03
 -4.2357144e-01
 -2.6983228e-01
  2.1932177e-01
 -1.3742797e-01
 -1.1771032e-01
  2.9452908e-01
  8.3637160e-01
 -7.9068160e-01
 -8.1302494e-02
  3.5317462e-02
 -3.5494305e-02
 -8.7207876e-02
 -4.7495297e-01
  3.1126323e-01
 -3.3509366e-03
  4.0023455e-01
  1.4923410e-01
 -4.1024899e-01
 -2.0163094e-01
  2.9370165e-01
  9.1271204e-01
  3.5665464e-01
  2.2389421e-01
 -1.6941673e-01
  9.2554325e-03
 -1.6540714e-01
  2.6070583e-01
  7.1924663e-01
  4.0524399e-01
  1.2158810e-01
  1.1323827e-01
  2.2988524e-01
  2.7821258e-01
  8.2756452e-02
 -6.2569791e-01
  1.2759209e-01
 -8.5032380e-01
  4.9233340e-02
  4.2378506e-01
  3.6223605e-01
  3.4991771e-01
 -2.1703409e-01
 -2.4586913e-01
  8.6203627e-03
 -1.8471673e-01
  8.4497221e-02
 -7.9998249e-01
  1.2541528e+00
  6.5086287e-01
  2.2645634e-01
 -3.8676340e-02
 -1.0656387e+00
  2.1070699e-01
  4.0744480e-01
  6.6250485e-01
  2.4213675e-01
  3.3240676e-02
  7.6454371e-02
 -1.3655372e-01
  3.9739162e-01
  6.2849104e-01
  2.1910180e-01
 -3.3766884e-02
  6.2939259e-03
  1.2224466e+00
  7.6633191e-01
  1.0241643e+00
  7.2351635e-01
  6.3716394e-01
  1.9728169e-01
  4.1721550e-01
  8.8395798e-01
 -4.7734328e-02
 -2.2192861e-01
  2.3713160e-01
  9.5593013e-02
  1.6479971e-01
 -3.2832813e-01
  4.3986359e-01
  3.5593909e-01
  3.1284547e-01
 -1.8071263e-01
 -3.2566363e-01
  8.4367946e-02
 -4.3941167e-01
 -3.3713031e-01
  1.1936153e-02
 -2.0983578e-01
 -2.7706099e-01
 -4.8395196e-01
  5.7313448e-01
 -5.6930304e-01
 -9.0348318e-02
 -4.1891102e-02
 -2.1571881e-01
 -2.7722481e-01
  1.2424473e-01
  5.9168833e-01
  4.3097305e-01
  3.1525168e-01
 -7.4604101e-02
  2.5916910e-01
  3.2758045e-01
 -1.9673231e-01
  4.9230620e-01
  3.4118226e-01
  7.1393877e-01
 -1.9385825e-01
 -1.1903582e+00
  7.0892334e-01
  3.7211645e-01
  5.5797064e-01
 -4.9464607e-01
 -1.2549722e-01
  1.4579764e-01
  2.0588388e-01
 -7.3794097e-02
  3.9379776e-01
  1.8069990e-02
 -7.0335704e-01
  3.3047324e-01
 -3.4869897e-01
 -4.3973282e-01
 -4.1248947e-01
 -3.0946028e-01
  1.2641507e-01
 -2.1342759e+00
  3.4620747e-01
 -2.2634509e-01
 -2.5920311e-01
  1.5724570e+00
 -7.3615277e-01
  1.3378394e+00
 -1.3304901e-01
  1.3056860e+00
  4.5745273e+00
 -1.8400707e+00
  2.5727379e-01
 -1.7204694e+00
 -8.4910356e-02
  7.0661712e-01
 -3.2721096e-01
  4.0808357e-02
 -9.0372217e-01
  1.7113324e-03
 -5.4351234e-01
 -1.0286051e+00
  1.5786536e+00
  4.7901177e-01
 -4.3700907e-01
 -2.6180357e-01
 -2.1445744e-01
  3.0352479e-01
  1.3853398e-01
  9.7015011e-01
  2.5410008e-01
  3.6180729e-01
  3.7550357e-01
  4.5220073e-02
  2.3293865e-01
 -2.8233835e-01
  2.9133591e-01
 -1.7376597e-01
  5.8274305e-01
 -8.2982206e-01
  5.4491676e-02
  4.0140986e-01
 -1.4102422e-01
 -1.9279344e-01
 -4.0989238e-01
 -2.2971696e-01
  1.6020472e-01
  1.1093389e+00
 -2.2189830e-01
 -1.3097298e+00
 -3.7228758e+00
 -2.0340765e-01
  1.7385026e+00
 -1.1094398e+00
  3.8969180e-01
 -5.2175766e-01
 -2.1578500e-02
  2.5438273e-01
  1.3445100e-01
 -6.1453259e-01
 -1.1969849e+00
  1.1911622e+00
 -2.2265820e-02
  2.2276700e+00
  1.3592461e+00
  3.5900754e-01
  3.0989522e-01
 -2.9519042e-01
 -4.3164223e-01
  7.8571975e-02
 -5.3537410e-02
  9.8102349e-01
 -1.4578992e+00
 -3.7482569e-01
 -3.5096449e-01
 -5.7780817e-02
 -4.4051018e-01
  4.1136125e-01
 -4.9060270e-01
 -1.3260783e+00
  2.9200852e-01
 -7.3473132e-01
  5.8393452e-02
  4.6859635e-03
  1.6136841e+00
 -1.1839361e-01
 -8.2488559e-02
  6.9378549e-01
 -4.9225613e-01
 -2.8048544e+00
 -3.3301702e-01
 -3.6269540e-01
 -7.4157114e+00
 -1.2383417e+00
 -3.2381303e+00
 -2.9744205e-01
  8.2304448e-02
 -1.3859944e-01
 -8.3563602e-01
 -8.3574063e-01
  1.3121045e+00
  2.6869302e+00
  1.7372806e+00
 -7.6973206e-01
  1.3691752e+00
  2.7532291e-01
  8.7497938e-01
  7.3622411e-01
  1.4149597e-01
  4.6418386e+00
  6.5708309e-01
 -9.0746039e-01
  1.4220958e+00
  7.7018189e-01
 -5.6613171e-01
  1.2155727e+00
 -4.9497166e-01
  1.5597726e+00
 -6.1266560e-02
  2.3344326e+00
  1.4697567e+00
  1.2096484e+00
 -1.8422914e+00
  5.4074876e-02
  1.1332007e-01
 -1.4151924e+00
 -7.6282457e-02
  1.1128440e-01
  2.8124964e-01
 -4.9656671e-01
  4.9842703e-01
  1.5121317e-01
  1.5426197e+00
  1.2935712e+00
  7.9511195e-01
 -2.0114751e+00
  5.9168022e-02
  1.1454653e+00
  8.0211616e-01
 -1.0624887e+00
  5.4367453e-01
  2.6132160e-01
  1.0410869e+00
  2.8736081e+00
 -5.6672943e-01
  1.2170010e+00
 -5.6679857e-01
 -4.5480967e-01
  1.2253904e+00
  1.7932703e+00
  1.6240156e+00
  3.4529784e-01
 -1.4138320e-01
 -1.9373504e-02
  5.7270294e-01
  9.9940604e-01
  1.3908221e+00
 -6.5653014e-01
  1.8134004e+00
 -5.7585907e-01
 -4.2802161e-01
  1.3481792e+00
 -1.1639967e+00
 -4.9598897e-01
  6.1685359e-01
  2.5414257e+00
 -4.8961166e-02
 -1.4243600e-01
  2.6125598e-01
 -9.7001433e-01
 -2.1638311e-01
  6.1186075e-01
 -6.7978287e-01
  1.2146663e-01
  9.6425205e-01
 -1.6029179e-01
 -3.0319268e-01
  2.3217087e+00
  1.9524647e-01
  4.3138796e-01
  1.8207249e-01
 -3.0561319e-02
  4.6334667e-03
  5.0740618e-01
  3.0952767e-01
 -4.8471835e-01
  8.5459185e-01
  5.7438236e-01
  2.5805736e-01
  2.7636153e-01
  4.7392520e-01
 -1.6643634e-01
  3.0007386e-01
 -1.8855149e-01
  1.3596197e-02
  6.6305071e-01
  2.1784286e-01
  2.6250824e-01
 -7.6539654e-01
  2.6517808e-01
  5.8382612e-01
  7.9995632e-02
 -5.5067915e-02
 -4.3147853e-01
  6.9519728e-01
 -2.5540474e-01
  3.1418937e-01
  9.3221240e-02
 -5.1786058e-02
  1.9821158e-01
  3.8986437e-02
  1.0266539e-01
 -5.8649175e-02
 -6.9880269e-02
 -4.7513269e-02
 -1.0832974e+00
 -7.9102498e-01
 -5.8024710e-01
 -3.0704689e+00
  9.6809465e-01
 -8.1768423e-01
 -8.1634843e-01
 -7.8832991e-02
  4.9240556e-01
  5.1649898e-01
 -4.5160341e-01
  1.7440547e+00
 -1.7360497e+00
  2.1014704e-01
 -1.2508440e-01
  1.2952487e+00
  8.3844399e-01
  9.9190760e-01
  4.6522322e-01
 -7.1364753e-02
  2.0301552e-01
 -8.6160272e-01
  1.6220564e-02
 -1.6523232e-01
  5.4181486e-01
 -8.6417699e-01
 -3.0117500e-01
 -3.2821718e-01
 -4.9679643e-01
  2.0498699e-02
 -2.0989031e-01
  7.2467649e-01
 -1.4555882e+00
 -6.5098363e-01
 -2.5474524e-01
  7.5467281e-02
  2.7184141e-01
  2.5578368e-01
 -3.9423876e-02
 -3.7411773e-01
 -3.1770978e-02
  3.2396924e-01
  1.2404274e+00
 -1.4518605e-01
  6.6014908e-02
 -6.1553949e-01
  2.0827832e+00
 -1.2613988e+00
  5.9980238e-03
 -7.1465224e-02
  5.3924018e-01
 -3.4096339e-04
  2.1109858e-01
  6.2922038e-02
 -1.5624875e-01
  3.7269592e-01
  1.9861318e-01
  5.6252468e-01
  2.9382011e-01
 -2.1293156e-01
 -5.1034373e-01
 -4.2207918e-01
 -9.1363393e-02
  2.6645631e-01
  3.9971739e-01
 -1.4875869e+00
  1.6390972e-01
 -4.4799083e-01
  1.0783232e-01
 -3.4539798e-01
 -6.7301840e-01
 -5.3464897e-02
  8.3654679e-02
  8.3787411e-01
 -8.4394425e-02
 -1.0673780e-01
  3.6042538e-01
  3.8485053e-01
  2.8461975e-01
  1.5332386e-01
  4.0316501e-01
  2.7131891e-01
 -9.8212957e-02
  2.2444487e-01
 -1.3188334e+00
  6.5474504e-01
  2.2775394e-01
 -2.5835654e-01
 -6.2842679e-01
 -2.6115507e-01
  1.1891568e-01
 -4.4799170e-01
  4.1591278e-01
  1.5725513e-01
 -3.0053082e-01
 -3.7197363e-02
  8.5519813e-03
  2.7693227e-01
  7.3387718e-01
  1.7256576e-01
 -2.5977442e-01
  3.7228471e-01
 -2.7738005e-01
  8.7371504e-01
 -7.6826501e-01
  3.6772117e-01
  6.1167873e-02
 -1.9748133e-01
 -1.6124594e-01
  1.4689626e-01
  6.2531948e-02
  3.3300814e-01
  3.8249809e-02
  1.1029211e-01
  5.7312524e-01
  3.3353043e-01
 -1.8614972e-01
  2.6160252e-01
 -3.1188360e-01
  7.0135832e-02
 -4.3165788e-01
 -1.9521432e-01
 -1.7275673e-01
 -1.9901237e-01
 -3.5560948e-01
 -6.3323580e-02
  8.3727384e-01
 -3.2696837e-01
  2.8650299e-01
 -1.4514270e+00
  2.9148364e+00
  1.2779859e+00
  2.6463082e-01
 -1.2115828e+00
  1.0610828e-01
 -3.4216234e-01
  1.1153218e+00
  1.1423831e-01
 -6.5069383e-01
 -2.0800468e-02
  2.8848436e-01
 -5.0086623e-01
 -1.0278456e+00
  8.2074445e-01
  1.8048608e-01
  1.6914548e-01
  1.2631028e+00
  2.6336333e-01
  3.8794926e-01
  9.2085308e-01
  1.2924731e+00
 -8.4521675e-01
 -1.8207885e+00
  6.5058661e-01
 -1.7600600e+00
  2.3258045e-01
  3.4611337e-02
 -1.0761409e-01
 -6.0329646e-01
 -2.5601456e-02
  1.0462913e-02
 -3.6695677e-01
  8.0677029e-03
  2.8736027e-02
 -2.6662076e-01
  1.3395271e-01
 -7.7853061e-02
 -6.9507593e-01
  2.3992595e-01
 -2.2355101e-01
 -1.9922246e-01
 -3.0040821e-01
  1.4844626e+00
  4.3934482e-01
 -1.3294674e+00
  2.1361226e-01
 -1.5407398e-01
 -8.9832380e-02
 -1.1744022e-01
 -1.3402021e-01
 -9.2413470e-02
 -2.1598297e-01
  7.9248659e-02
 -1.5369704e-01
 -9.0263911e-02
  1.9079424e-02
 -6.2339854e-01
 -5.1512305e-02
 -1.9438098e-01
  7.1310513e-02
  4.2118815e-01
 -8.3979869e-01
 -2.7553380e-01
 -3.8522419e-01
 -2.5467411e-01
 -3.1847185e-01
 -1.0403740e-01
  1.2975256e-01
 -1.0620583e+00
  5.9760386e-01
 -3.0615810e-01
 -3.2951427e-01
 -2.1579349e-01
 -4.7842932e-01
  8.4765029e-01
 -4.2186445e-01
 -4.6484381e-01
 -9.1023102e-02
 -5.7862335e-01
  6.1134454e-02
  2.7254173e-01
 -5.9778154e-01
  1.7376305e-01
  2.5624663e-01
  9.0370339e-01
 -5.1829571e-01
 -1.5797437e+00
 -7.8185290e-01
 -2.9209463e-02
 -1.3814767e-01
  2.3179173e-01
 -2.4182528e-01
  2.9293209e-01
 -2.4812099e-01
  2.2820516e-01
 -5.8054060e-01
 -1.2042404e-01
 -4.5875260e-01
 -3.5383019e-01
 -7.6328653e-01
  1.5267798e-01
  2.6497025e-02
 -2.5938546e-02
  1.2896749e-01
 -1.7898941e-01
 -2.6993868e-01
 -7.0822364e-01
 -5.8541322e-01
 -5.3934854e-01
 -4.7976319e-02
 -1.8160334e-02
 -1.6163602e-01
  8.1811208e-01
  3.5050243e-02
 -6.4843047e-01
  1.8457596e-01
 -1.3179269e-01
 -5.0968939e-01
  1.1149777e-01
  3.2305717e-01
  7.2344020e-02
 -4.5970407e-01
 -6.8943381e-01
  1.8444757e+00
 -8.6072820e-01
 -9.1597557e-02
 -1.7748187e+00
 -9.2436677e-01
  2.2501555e-01
 -8.2553960e-02
  1.4220549e+00
 -5.9880406e-02
 -8.0745745e-01
  1.1755697e+00
  5.1716632e-01
  5.3230590e-01
  2.9274946e-01
  5.3218031e-01
 -7.3349670e-02
 -3.5527882e-03
  1.8629180e-01
  1.3367817e+00
  1.1648127e-01
  1.6203918e-01
  1.2787271e+00
 -5.1504201e-01
 -3.7636206e-01
 -3.2814562e-02
 -8.7291819e-01
 -7.1154785e-01
 -7.4063492e-01
  2.0574048e-01
 -2.2679955e-01
  4.6614739e-03
  2.0379716e-01
 -2.6340649e-01
  3.4513512e-01
  5.8600014e-01
 -7.8876060e-01
  6.1133116e-01
 -3.2231402e-01
  1.0211404e-01
  4.1063100e-01
 -2.2070010e-01
 -1.0075637e+00
  2.8917608e-01
 -1.0907767e+00
  8.7249404e-01
 -1.6351099e+00
 -9.2618883e-01
  1.5015043e-01
 -2.1336573e-01
  3.0716512e-01
  5.4003018e-01
  1.6454612e-01
  1.4808597e-01
  2.9962957e-02
  2.8156261e+00
  5.5129819e-02
  5.4815389e-02
 -1.1626258e-01
  4.4508761e-01
 -4.7787700e-02
 -3.8338500e-01
 -3.8748100e-01
 -2.8570351e-01
 -1.8072164e-01
 -8.8694669e-02
  5.7373263e-02
  1.4075312e-01
 -1.1713555e-01
  1.2064718e+00
  2.5994494e+00
  1.1636350e-01
  9.2019647e-02
 -2.1287274e-01
  6.4801854e-01
 -6.0712808e-01
  2.3549648e-01
 -2.0568529e-01
  1.8876916e+00
  5.0081307e-01
  1.3510402e-01
  5.4704186e-02
 -3.4354451e-01
 -1.4985919e-01
  5.0756687e-01
 -2.1765339e-01
 -4.1805801e-01
 -1.6817664e-01
  2.5570869e-01
  5.4926026e-01
  1.4673695e-01
 -6.8420815e-01
 -1.6390622e-01
 -3.8856182e-01
  2.6200214e-01
  8.7699428e-02
 -5.8751154e-01
 -3.0521494e-01
  1.7862691e-01
 -5.1577067e-01
  6.1210620e-01
 -4.6269360e-01
  6.9423503e-01
 -5.2291667e-01
 -2.0542483e-01
  1.8236668e-01
 -4.2266351e-01
  1.2693249e-01
 -1.8037452e-01
 -2.4331945e-01
 -2.3590031e-01
 -2.7403906e-01
  2.7714035e-02
 -9.8624192e-02
 -3.1991032e-01
  5.0789571e-01
 -1.1409624e-01
 -3.6846733e-01
 -4.4909322e-01
  1.3248777e-01
 -4.9147540e-01
 -2.3017640e-01
 -5.9744861e-02
  7.0689404e-01
 -6.3276768e-02
  1.6981670e-01
  8.9571512e-01
 -1.3653675e+00
  1.6459827e+00
  6.5031332e-01
  2.2474113e+00
  1.0424594e+00
 -1.9584525e-01
  4.0270317e-01
 -1.1871173e+00
 -5.4890640e-02
  3.8345677e-01
 -1.3738390e-02
 -5.9189487e-01
 -2.1577726e-01
  2.4601261e-01
 -1.7616801e-01
 -1.7126215e-01
 -1.2793733e+00
 -8.5816801e-01
 -2.0741048e-01
  4.3205029e-01
 -2.3729880e-01
  5.6000340e-01
  1.1738539e+00
  4.3079320e-01
 -5.2642888e-01
  2.1792911e-01
  6.2997276e-01
  6.2192947e-01
  1.1293310e-01
  8.9537251e-01
  2.4917576e+00
 -5.3709513e-01
  5.0794727e-01
 -4.4300771e-01
  2.3377593e-01
  3.0801618e-01
  5.9476429e-01
  2.2605264e-01
 -4.3724412e-01
 -2.0896251e-01
  1.8133646e-01
  6.3973480e-01
 -1.2407278e+00
 -1.4146560e+00
  1.6177827e-02
  5.4786736e-01
 -4.4191901e-02
 -3.1492934e-01
 -3.2839558e-01
  4.6921152e-01
  3.7352633e-02
 -3.6351541e-01
  5.3120553e-01
 -3.1666976e-01
  1.0727497e-02
  7.4725479e-02
  4.2106727e-01
  8.9243434e-02
 -9.3718030e-02
  3.5064137e-01
 -5.0992954e-01
 -1.1014053e+00
 -3.1268287e-01
 -6.6100073e-01
  3.6067960e-01
 -1.6306123e-01
 -2.2359626e-01
  1.7765473e-01
  4.0941179e-01
 -6.2033873e-02
 -1.2533242e-01
  6.6745055e-01
  1.3184433e-01
  1.9130057e-01
 -1.3037927e-01
 -3.3744797e-01
  2.5599766e-01
  1.3575073e-01
 -2.7442348e-01
  1.0666280e-01
  2.3813120e-01
  6.9971278e-02
 -2.5235397e-01
 -1.8039553e-01
  8.4617907e-01
 -5.6406134e-01
  2.6942027e-01
 -2.4879673e+00
 -7.5609392e-01
 -2.9050043e-01
 -1.2822810e-01
  1.9765799e-01
  5.1589167e-01
 -4.1555753e-01
  4.0444213e-01
 -7.6218158e-02
  2.2081938e-01
 -2.0379327e-02
  8.7798280e-01
 -5.2348669e-03
 -1.0249927e+00
 -4.4071162e-01
  9.3960412e-02
  1.8979950e-01
  4.8787960e-01
 -3.1346928e-02
 -5.5409628e-01
 -3.3518291e-01
  5.4547101e-01
 -1.1036500e-03
 -3.6261433e-01
  2.6192087e-01
 -1.7309096e-01
 -4.2587483e-01
  3.2439435e-01
 -8.7450877e-02
 -1.0487155e-01
  6.6961974e-01
 -2.4568139e-01
 -1.4738559e+00
 -4.9736375e-01
  1.7074076e-02
 -3.8533043e-02
  2.1552221e-01
 -1.2599485e-01
 -4.4822910e-01
 -2.6065183e-01
  2.5398426e+00
 -5.6517214e-01
 -9.7580820e-01
 -3.9044619e+00
  2.8319719e+00
 -4.7471678e-01
  5.6942588e-01
  3.0263962e-02
  1.4063129e+00
  3.6182013e-01
 -4.7611684e-01
 -7.9382563e-01
  8.9012527e-01
 -5.1100290e-01
  1.1088462e+00
  1.5772500e+00
 -5.7728356e-01
 -1.7031971e+00
 -3.1735188e-01
  5.8113450e-01
  3.9841422e-01
  8.4747005e-01
  7.3620641e-01
 -7.8649819e-01
  4.0297696e-01
 -1.9407694e+00
 -5.3462994e-01
  4.0115267e-01
  3.0205226e-01
  1.0244290e+00
  3.2161298e-01
  3.8844303e-03
 -2.0314901e+00
 -4.6161864e-02
  4.6843341e-01
 -2.8263703e-01
  1.4985943e-01
  1.1162221e-02
  6.7655331e-01
 -2.7702126e-01
 -8.2038701e-01
 -1.9150149e+00
 -1.5311978e+00
  3.3294627e-01
 -6.6098213e-01
  3.0175187e-02
 -2.5744110e-01
 -1.3636555e-01
  8.4307528e-01
 -7.1992838e-01
 -7.2661531e-01
  1.5287573e+00
 -5.6018734e-01
  1.2106577e+00
  4.8471410e-02
  1.8919496e-01
  3.8731015e-01
  8.2474256e-01
 -4.9445242e-02
  9.5069133e-02
  8.4705520e-01
  7.6749869e-02
 -3.7377480e-01
  1.2483630e+00
  2.3830430e-01
 -9.3304747e-01
  4.0894399e+00
 -5.7035166e-01
  1.6573735e+00
 -3.6398926e-01
  4.9173284e-01
  1.4698160e+00
  4.3134397e-01
  2.2163045e+00
 -9.9671179e-01
  4.4418621e-01
 -4.3523878e-01
 -4.0345544e-01
 -4.2479911e-01
  1.4067733e-01
 -1.3499759e-01
 -6.8689680e-01
 -4.1511235e-01
  1.8989828e-01
  7.4765545e-01
 -2.4574216e-01
 -9.0957439e-01
 -7.8662924e-02
  3.5787028e-01
  7.3250520e-01
 -2.3619699e-01
 -7.7659923e-01
  1.2321037e-01
  8.8094801e-02
  2.8156826e-01
 -1.1920526e-02
  1.2931867e+00
  3.6599699e-01
  1.5009800e-01
 -1.8755111e-01
  9.1723390e-02
 -4.9885041e-01
  3.8612552e-02
 -1.4749206e+00
  1.6437385e-02
  4.3371671e-01
  5.0995785e-01
  3.5001299e-01
  1.5939465e-01
  2.8782403e-01
 -7.9531811e-02
  2.1217045e-01
 -2.2260586e-02
 -2.6111984e-01
 -2.4748175e-01
 -1.3399015e-01
  2.1060324e-01
 -2.2493267e-01
 -9.5118457e-01
  4.1470674e-01
 -4.7070172e-01
  3.4586030e-01
 -1.2865499e-01
  1.2031082e-01
 -5.7853115e-01
  1.9486600e-01
 -7.5651109e-02
  2.3518194e-02
 -1.3875610e+00
  2.1527988e-01
  1.7775184e-01
  3.5643882e-01
  5.8509058e-01
 -1.0145406e-01
 -3.1821752e-01
  3.1925389e-01
  5.5424976e-01
 -9.8306179e-02
 -3.5882270e-01
 -8.8479871e-01
  3.9721247e-02
 -4.5636389e-04
  2.2245026e-01
 -1.7649832e-01
  5.0508916e-01
 -1.5171064e-01
 -1.5217231e-02
 -4.9616256e-01
  1.8476927e-01
 -2.6757109e-01
 -2.1648425e-01
  3.6008218e-01
  5.3892040e-01
 -1.1632714e-01
 -1.0108855e+00
  7.8001946e-02
 -3.3364829e-02
  7.4081790e-01
 -5.2783936e-01
  6.6501245e+00
  3.6608836e-01
  1.3375618e-01
  4.8043033e-01
  2.0784926e-01
 -5.1015294e-01
 -2.5527215e-01
  1.0693513e+00
 -3.9117947e-01
  1.8777066e-01
  8.6050141e-01
  2.1232171e-01
  2.3365803e-01
 -1.5656820e-01
 -3.0071229e-01
 -6.4335540e-02
 -3.8707338e-02
 -1.5001918e-01
 -5.9007090e-01
  5.0891483e-01
 -1.5324762e-01
  1.8729642e-01
 -5.0788516e-01
  3.9919046e-01
 -1.2566659e-01
 -1.4319120e-01
 -2.1235797e-01
  2.3630750e-01
  1.5341155e-01
  4.2553417e-02
  3.2540029e-01
  3.0240616e-01
  7.6092747e-03
 -6.9660074e-01
 -4.5784685e-01
 -4.6584335e-01
  3.7570608e-01
 -1.8795182e-01
  2.9036209e-01
  6.4234370e-01
 -7.2663611e-01
 -1.9206175e-01
  1.3749710e+00
  1.6262516e-02
  4.5602793e-01
 -3.0130056e-01
 -8.6719644e-01
 -5.2543465e-02
  4.7945249e-01
 -7.5784957e-01
  1.2773143e+00
  7.8327882e-01
  1.6330436e+00
 -3.3389297e+00
 -3.4632427e-01
  3.5351118e-01
  1.0195700e-01
 -2.3869506e-01
  2.9628037e-02
 -1.2468576e-01
  2.4266164e-01
  6.9413865e-01
 -4.6714556e-01
  9.7448033e-01
  6.0860699e-01
 -6.3847840e-01
 -1.2871366e+00
  2.3431979e-01
  1.1039256e-01
 -1.0883151e+00
 -1.3306813e-02
  4.8507357e-01
 -4.0038642e-01
 -5.1543164e-01
  1.2739664e-01
 -3.3461919e-01
 -1.8472299e-01
  1.0778948e+00
 -2.3159450e-02
  2.9638913e-01
  4.6656456e-02
  3.3592895e-01
 -3.7477902e-01
 -8.4581926e-02
 -3.9392588e-01
  3.3223322e-01
  4.2499226e-01
 -8.6827368e-02
 -4.9808852e-02
  3.2190979e-01
  3.1427990e-03
  3.9960244e-01
 -4.1947094e-01
 -1.2248433e-01
  8.9097548e-01
  1.2094502e-01
  1.0977742e-01
  1.4241895e-01
 -1.8639591e-01
 -3.3784065e-01
  2.8660437e-01
  3.6324915e-01
  7.2342288e-01
 -3.6625361e-01
 -4.3494961e-01
  8.1825450e-02
 -3.4347683e-01
  1.8315753e-01
 -2.6392028e-01
 -7.7770805e-01
  2.2785403e-01
  1.7976157e-01
 -5.4646307e-01
 -6.4912945e-01
  2.3165429e-01
 -1.1002246e-01
  3.3325413e-01
  8.2994014e-01
 -7.9161203e-01
  4.1296834e-01
 -7.4749865e-02
 -6.8487275e-01
  2.2891719e-02
  1.1028437e-01
 -5.7486393e-02
 -2.0010690e-01
  3.9001805e-01
  4.8371214e-01
  5.0517220e-02
 -2.0017023e-01
  1.2121295e-01
 -1.3508037e-01
  4.7209102e-01
  6.4214706e-01
 -1.1652454e+00
  1.4466058e+00
 -2.5162923e+00
  3.9446779e-02
  1.4634919e+00
  7.8191347e-02
  1.4757858e-01
 -2.4859415e-01
  3.8940814e-01
  5.7676429e-01
  1.3211408e-01
 -8.6300187e-02
 -2.6018432e-01
  2.8790510e-01
  1.4709668e-01
  2.3197260e-01
  2.7955571e-01
  2.8391489e-01
  7.2104685e-02
 -4.3970513e-01
 -3.9201361e-01
  1.6020942e-01
 -4.9488458e-01
 -2.0290135e-01
 -9.0405762e-02
 -4.7880581e-01
 -3.1184515e-01
  2.6336625e-01
 -3.5742146e-01
  1.7656216e-01
 -2.6125857e-01
 -6.3334038e-03
 -7.1730053e-01
 -1.7167686e-01
  2.3649389e-01
 -2.2797917e-01
  3.1734076e-01
  8.9174014e-01
 -4.3011957e-01
 -9.1473132e-02
 -3.6225232e-01
 -1.3277376e-01
 -7.4683256e-02
 -6.5175122e-01
  7.8824110e-02
  1.1034734e+00
 -1.0654881e+00
 -7.9167795e-01
 -8.1617042e-02
  4.3053412e-01
  2.3667504e-01
 -8.3802760e-01
  3.1131494e-01
  4.4571283e-01
  6.7817175e-01
 -5.3060842e-01
 -2.9685012e-01
  5.4327524e-01
 -4.4400394e-02
 -1.8277806e-01
  4.7807899e-01
 -2.7270868e-01
 -6.6331357e-01
 -4.2266616e-01
 -2.4384654e-01
 -2.0273903e-01
  4.0779239e-01
 -2.9401767e+00
  2.0358978e-01
  7.5750515e-02
 -4.0190574e-02
  8.3524489e-01
  8.3543086e-01
  1.6712184e-01
 -1.6040146e-01
 -3.8107711e-01
 -1.8383870e-01
  5.6876844e-01
 -1.2916337e+00
  2.6884478e-01
  7.0931077e-02
  4.4311613e-01
  1.1054364e-01
 -5.8980024e-01
 -3.9704457e-01
  4.9104837e-01
  2.2061270e-01
 -1.7316468e+00
  4.3757224e-01
  7.5203925e-01
  2.9494664e-01
  1.1768487e-01
  8.2220227e-02
 -2.2341090e-01
  2.2445874e-01
  6.0724121e-01
 -5.0695390e-01
  1.6264784e-01
  2.7449822e-01
 -4.9625570e-01
  4.8927289e-01
 -1.4924182e-01
  1.2084814e+00
 -1.9567853e-01
 -2.9250268e-02
 -2.5712451e-01
  2.2342308e-01
 -2.7778757e-01
 -5.5852238e-02
  2.1045104e-01
  9.3059987e-02
  2.4857619e-01
 -3.7258735e-01
  2.8473398e-01
 -3.9388812e-01
  5.6433517e-02
  3.9590770e-01
 -5.8501400e-02
  2.1891388e-01
  9.5042452e-02
 -1.1295919e-01
 -1.2007377e-01
  6.9271225e-01
  2.6251283e-01
  2.1529116e-01
  1.1045418e+00
 -3.4347123e-01
 -5.3516068e-02
 -6.2619072e-01
  1.9122902e+00
 -2.0661762e-01
 -6.1154819e-01
  7.9896055e-02
  1.3361186e-01
 -5.2178150e-01
 -1.8106824e-01
  1.9153084e-01
 -3.6770946e-01
  7.7794351e-02
 -6.4545475e-02
 -5.2683461e-01
  4.5471761e-01
 -2.7665157e-02
 -1.1774821e+00
  8.2025206e-01
  1.9096555e-01
  3.9019331e-01
  9.9710952e-03
  1.4004555e-01
  6.6645481e-02
 -3.1764942e-01
  1.6030504e-01
 -5.8486700e-01
  2.5416529e-01
 -4.5254249e-02
  2.3487674e-02
  1.1220461e-01
 -1.4192636e-01
  4.7816196e-01
 -5.9061360e-01
  6.1761055e-02
  6.0712881e-02
  3.6391428e-01
 -3.5180011e-01
 -2.3062780e-02
  3.5716664e-02
 -3.2945803e-01
  2.4326362e-02
 -2.3780477e-01
 -4.1888177e-02
  3.6318859e-01
  1.7325608e+00
 -7.8188092e-02
 -1.3660163e+00
  8.0285496e-01
 -7.7556378e-01
  9.5853657e-01
 -3.1567109e-01
 -7.0915085e-01
  1.6625188e-01
  8.5467321e-01
 -5.6582516e-01
  2.0373975e-01
 -8.6310714e-02
 -7.5267978e-02
 -3.8023347e-01
  3.4443751e-01
  2.9317272e-01
  1.5666550e-01
 -2.8350109e-01
 -1.8546972e-01
 -4.9939296e-01
  1.2532902e-01
 -3.5928586e-01
  6.2955934e-01
  2.8693935e-01
  2.8419510e-01
  3.0752435e-01
  6.0248655e-01
  3.4599224e-01
 -2.7722138e-01
 -4.1123229e-01
  5.4588385e-02
  6.8011448e-02
  5.4715949e-01
  1.9541727e-01
  2.2229810e-01
  1.1307138e-01
  2.6284733e-01
  1.8280069e+00
 -2.1976399e+00
 -2.5607140e+00
 -9.3412966e-01
 -7.5627500e-01
  2.4124036e+00
 -1.2093538e+00
 -4.5059159e-01
 -3.1788737e-01
 -1.1304272e+00
 -6.3110012e-01
 -4.1546461e-01
  4.8865516e-02
 -4.2113371e-02
 -4.1473654e-01
 -3.5159361e-01
 -7.2126329e-01
 -1.0660057e+00
 -2.8831086e+00
 -1.1573927e+00
 -3.6015362e-03
 -4.8189875e-01
 -9.1291797e-01
 -1.3266568e+00
 -1.2470078e+00
  3.5201111e-01
  1.2820434e-02
 -4.6196222e-01
 -7.7886432e-01
 -4.7513627e-02
 -1.0105716e+00
 -1.0519112e+00
 -6.3249034e-01
 -5.6013954e-01
  6.9896126e-01
  3.1886482e-01
  3.2913864e-01
 -1.0644537e+00
  6.5357304e-01
  1.8995203e-01
  1.6465190e-01
  5.0918560e-02
 -2.4585319e+00
  3.2802591e+00
 -1.6328605e+00
  2.0263960e+00
  1.4269017e+00
  2.4768388e+00
  2.6147478e+00
  1.6824416e+00
  1.2698406e-01
 -1.5254831e+00
 -1.8399777e+00
  1.7629018e+00
  2.5843515e+00
 -1.8571476e+00
 -2.9978740e+00
  3.2359879e+00
 -2.7503338e+00
  3.0781777e+00
  2.5894256e+00
  3.2947044e+00
 -1.2551373e+00
  2.8600521e+00
  9.2646323e-02
  1.8927094e+00
 -2.3370242e+00
  1.9659913e+00
 -2.6991453e+00
  2.4877710e+00
 -1.9813132e+00
 -3.3963079e+00
 -3.0352471e+00
  2.1260753e+00
  2.5025439e+00
 -3.2619748e+00
 -1.8216715e+00
 -2.7418504e+00
  2.5755265e+00
  1.3714700e+00
  1.6095675e+00
  3.0099397e+00
  3.4247143e+00
 -2.8655670e+00
  2.5570338e+00
 -2.9151640e+00
 -2.7099705e+00
 -3.0425243e+00
  3.0931969e+00
 -2.6031258e+00
 -2.8955808e+00
 -1.8447937e+00
 -7.3829681e-01
  2.9229007e+00
 -3.3009646e+00
  2.3826578e+00
  5.6404915e+00
  2.2537224e+00
  3.3527005e+00
  3.3373415e+00
 -6.1257291e-01
 -1.6541393e+00
 -5.9107366e+00
  1.9521762e+00
  6.0276060e+00
 -2.4510489e+00
 -4.5731268e+00
  5.1610970e+00
 -4.3155513e+00
  3.1800334e+00
  6.8534336e+00
  5.3669653e+00
 -3.5476780e+00
  4.5783091e+00
  6.1468798e-01
  2.7811582e+00
 -2.4982789e+00
  2.7592673e+00
 -2.8645823e+00
  1.8470478e+00
 -4.2160296e+00
 -5.4811931e+00
 -6.2011776e+00
  6.1354833e+00
  2.9987652e+00
 -7.7645545e+00
 -4.3865242e+00
 -3.1123543e+00
  3.2173219e+00
  3.8138819e+00
  3.8442969e+00
  3.2378631e+00
  6.7907658e+00
 -4.0489216e+00
  6.6874442e+00
 -3.0560982e+00
 -1.8206248e+00
 -3.2533441e+00
  3.3639565e+00
 -2.0786364e+00
 -6.5304680e+00
 -5.0304160e+00
 -3.5993614e+00
  1.8997425e+00
 -1.2863647e+00
 -3.8241580e+00
 -1.4750648e+00
 -8.0478783e+00
  3.8903930e+00
  1.8835932e+00
  2.8007796e+00
 -4.2189953e-01
  4.5531738e-01
 -3.0770940e-01
 -3.0451614e-01
  1.9386644e+00
  4.3264571e-01
  2.3502650e+00
 -1.1976947e+00
  3.8218429e+00
 -6.6835314e-01
 -2.1766260e-01
 -1.3159004e+00
 -9.8122215e-01
 -7.0902541e-02
 -1.3361150e+00
  1.5370712e+00
  6.4984697e-01
  9.7142303e-01
  3.7007481e-02
 -3.5205251e-01
  7.5148635e-02
  1.2233133e+00
  1.6747553e+00
  1.4898061e+00
  9.5564950e-01
 -3.8800997e-01
 -4.3132934e-01
 -8.6928993e-02
 -5.6430459e-01
 -1.0093585e+00
  4.9639395e-01
  1.0397192e+00
  8.9073443e-01
 -1.4417830e+00
  6.1197370e-01
  7.7306420e-02
 -1.5537683e+00
  7.6687497e-01
  1.8507186e-01
  9.9905175e-01
 -7.5093025e-01
 -6.8483645e-01
 -2.2963096e-01
  2.7219945e-01
 -1.5355571e-01
 -1.0566967e-01
  7.9365708e-02
 -6.3376069e-02
  3.4614515e-01
  1.5998276e-01
  2.5636917e-01
 -2.4994598e-01
  6.2259597e-01
  3.0593494e-01
  4.5046982e-01
  8.1075430e-02
 -7.2802983e-02
 -3.0392972e-01
 -2.7316600e-01
  5.8077574e-01
  3.2952863e-01
 -9.0908438e-02
 -8.8493198e-01
 -4.7839154e-02
  3.4941205e-01
 -2.4958651e-01
  2.6234013e-01
  5.0247836e-01
 -6.6258091e-01
  1.3586876e-01
  6.7363620e-02
  1.8471672e-01
 -6.8117797e-02
 -1.2582867e-01
 -2.3414035e-01
  1.1514287e+00
  4.1114168e+00
  6.7112947e-01
 -3.3478854e+00
 -8.9945501e-01
 -9.6852999e+00
  7.6160514e-01
  1.3554389e+00
  2.2796504e+00
  1.9914541e+00
  1.3603809e+00
 -8.8022918e-01
  2.5091553e+00
  4.4314185e-01
 -2.5061500e+00
  1.4718097e+00
  1.8016988e-01
  2.0728843e+00
 -6.3079619e-01
 -4.0127924e-01
  2.2748961e+00
  1.4839779e+00
 -7.2873658e-01
 -6.2280345e-01
  1.0514954e+00
 -3.7898809e-01
  1.2085567e+00
 -3.3572906e-01
  5.4933918e-01
  1.1184474e+00
  3.2606438e-01
  9.3591142e-01
  6.7725605e-01
  7.1384680e-01
 -8.8498533e-01
  8.1665105e-01
 -5.5179194e-02
 -3.2139251e-01
 -3.4106165e-01
  4.2574248e-01
 -3.9667287e-01
  4.7474837e-01
  1.0431345e+00
  3.4622951e+00
 -1.5277252e+00
  3.7528918e+00
  2.2915523e+00
  1.5224115e+00
 -1.2092913e+00
  8.2863373e-01
 -2.0760171e+00
  7.6651758e-01
 -2.0206895e+00
  2.9898664e-01
 -5.5575699e-01
  2.3069067e+00
 -5.1179850e-01
  4.2612709e-02
  5.7893857e-02
 -3.7489662e+00
  5.5161303e-01
  3.6903232e-02
  4.8696256e-01
 -6.0585761e-01
 -7.0857345e-03
 -3.6837906e-01
 -1.6272804e-01
  5.7140636e-01
  7.4212337e-01
  3.9982793e-01
 -1.9270886e-01
 -3.3004525e-01
  7.4079508e-01
 -4.0756145e-01
  1.5401149e-01
  2.0197831e-01
 -3.7360057e-01
 -4.1257307e-01
  2.3691484e-01
 -1.0419654e+00
  4.6151033e-01
  5.2802008e-01
 -7.9257631e-01
 -4.5025784e-01
 -6.7316538e-01
 -2.6035047e-01
  1.7615767e+00
 -1.0865872e+00
  2.0008904e-01
 -3.6999908e-01
  7.9420727e-01
 -9.3947387e-01
  2.9628989e-01
  2.1961980e-01
  3.5791141e-01
 -2.8151676e-01
 -1.0087970e+00
 -2.8863391e-01
  2.2838457e+00
  2.4005544e-01
 -3.4904593e-01
  4.6131632e-01
 -4.5103011e-01
 -3.4490120e-01
  4.3144763e-01
  2.1521221e-01
 -5.1223981e-01
  4.3747351e-01
  4.3339816e-01
 -7.3407537e-01
  1.8903913e-01
  2.0895424e-01
 -3.3587906e-01
  1.7544056e+00
 -6.3905925e-01
  5.0269082e-02
 -2.2410159e-01
  1.0925642e-02
 -8.4429705e-01
 -5.8154041e-01
  3.6059067e-01
 -1.3098391e-02
 -1.1222683e-01
 -2.2068642e-01
 -2.5012765e+00
 -5.0354886e-01
 -3.6400650e+00
 -1.6268835e+00
  9.7838402e-01
 -3.5255702e+00
 -2.8033371e+00
  5.5779296e-01
  2.7075768e+00
  1.3260936e+00
  1.4271269e+00
  1.1699553e-01
  1.5734354e-01
 -6.1451256e-01
  2.3566210e-01
 -2.6387398e+00
 -3.8444161e-01
 -1.2398100e-01
  7.8881845e-02
  7.4961764e-01
 -8.4562093e-01
  1.3489944e+00
 -8.3861405e-01
 -1.2399356e+00
  2.3245089e+00
 -1.0113794e+00
  6.5145612e-01
 -1.2257884e+00
 -2.6419169e-01
 -1.9214011e+00
  1.5102182e-01
  9.5090866e-02
 -4.3497229e-01
  1.3186001e+00
 -1.1275749e+00
  9.0926790e-01
 -1.3519129e+00
  9.5046394e-02
 -6.4272928e-01
 -3.3558536e-01
 -1.9923034e-01
  1.3308686e+00
  1.0107874e+00
  3.7239190e-02
  1.5865109e+00
 -8.3351386e-01
  1.7310344e+00
  4.2252307e+00
 -4.2624828e-01
 -2.7605280e-01
  2.4959817e+00
 -2.0057943e+00
  1.9693753e-01
 -9.7677642e-01
 -5.5261034e-01
  4.9359735e-02
 -1.4357603e+00
 -2.0713663e+00
  8.7151128e-01
 -9.5830750e-01
 -2.2842053e-01
 -1.4347929e+00
 -3.7586251e-01
 -5.6198585e-01
 -6.6582590e-01
  3.2823378e-01
  8.4859228e-01
 -8.1701092e-02
 -1.4744169e+00
  1.5935928e+00
 -9.5502853e-01
  7.9362288e-02
 -3.4156340e-01
 -3.9119884e-01
  7.7904350e-01
 -1.5549368e+00
 -6.5623730e-01
  1.2329280e+00
 -2.7950448e-01
 -1.6408670e-01
  2.7464963e-02
 -7.1285300e-02
 -2.8567272e-01
  4.7517592e-01
  3.4170628e-01
  1.0581791e+00
  1.2313917e+00
 -1.6635364e-01
 -6.9093406e-02
  1.0546097e+00
 -1.3838230e-01
  1.5626140e-02
 -4.3617257e-01
 -4.3180060e-01
 -7.4504846e-01
  9.5823288e-02
 -6.1237037e-01
  5.7552689e-01
  6.0262684e-02
  5.7753347e-02
 -1.9132750e-01
  3.1846597e+00
  1.5087159e-01
 -2.0667617e-01
  4.6428674e-01
 -6.2743115e-01
  2.9304445e-01
 -3.1095445e-01
 -1.6631432e-01
 -5.7280529e-01
  1.5177739e-02
 -7.0847549e-02
 -3.1780401e-01
 -1.0802646e+00
 -8.1360364e-01
 -2.6552814e-01
  5.3873348e-01
  1.1152299e-01
 -4.8927493e-02
 -5.5770117e-01
 -4.7555674e-02
  1.1905511e-01
 -4.4480491e-01
 -9.1740954e-01
 -5.6751764e-01
  1.7486447e-01
  2.6481563e-01
  5.0944626e-01
  1.3911411e+00
  9.9238491e-01
  7.7836144e-01
  6.7926049e-01
 -1.2978646e+00
  1.8520086e+00
 -1.4283508e+00
  4.2013472e-01
  2.7195054e-01
 -8.4385175e-01
 -4.9951173e-02
  1.7840648e-01
 -3.0470586e-01
  2.2674172e+00
 -5.7084394e-01
 -6.7859966e-01
 -8.3350611e-01
  6.6786301e-01
  3.0771416e-01
 -1.0110564e+00
  5.1787281e-01
  1.1746152e-01
  3.5944545e-01
  6.8398178e-01
 -1.3939601e-01
  1.2233940e-01
 -1.1520144e+00
 -3.8510391e-01
  2.6238430e-01
  4.7180802e-01
  1.3650519e+00
  1.9565882e-01
  5.1350838e-01
 -8.5527653e-01
  1.8302152e-01
 -2.9842535e-01
  1.1193283e-01
 -4.0000805e-01
 -4.6747282e-01
 -7.3695105e-01
  2.1097101e-01
  6.3597637e-01
  9.2654890e-01
 -1.8106501e-01
  1.5181899e-01
  1.4023408e+00
 -8.4298337e-01
 -1.6321932e+00
 -4.9012437e-01
 -1.3434738e-01
  3.2583004e-01
 -2.5006771e-01
  2.2273345e-01
  4.2900044e-02
  2.7058691e-02
  1.7469123e-01
  9.9065912e-01
 -6.8761104e-01
  1.5625843e-01
 -8.3293647e-02
 -8.4322892e-02
  1.8507643e-01
 -1.8095376e-01
 -6.2616038e-01
 -6.3388295e-02
  4.3355164e-01
  1.2208924e-01
 -2.1834078e-01
 -2.7927974e-01
  1.3860159e+00
  2.2056672e-01
  4.0627051e-02
  7.5204426e-01
 -2.1651438e-01
 -1.0765535e+00
 -3.7714764e-01
 -3.9899230e-01
 -2.2942653e-02
  5.6326509e-01
 -2.1306565e-01
 -2.7242437e-01
 -1.3584013e-01
 -3.8056451e-01
  1.4490858e-01
  9.7212201e-01
 -6.6099010e-02
  5.7651120e-01
  6.5932745e-01
 -7.2237533e-01
  1.0045493e-01
 -1.2312561e+00
  2.4405186e-01
  6.9416128e-02
  3.5909370e-01
 -2.9843202e-01
  4.6994042e-01
 -7.5933442e-02
  2.1474358e-02
  8.6502306e-02
 -2.3268013e-01
  2.6857623e-01
  3.9931074e-01
  4.1264483e-01
 -1.6533655e-01
  5.6514961e-01
  9.8932225e-01
  3.5154176e-01
 -7.4331909e-01
  2.3167767e-01
  3.4222221e-01
  3.9901014e-02
 -1.6311819e-02
 -1.1385796e-01
 -6.1649266e-03
  9.5793432e-01
  5.9253246e-01
  3.8903123e-01
 -2.0653160e-01
  2.1526952e-01
 -1.5246389e-02
 -1.1721966e+00
 -5.4519731e-01
  1.8257807e-01
 -2.9437420e-01
 -4.2316833e-01
 -3.2334432e-01
  4.1190565e-01
  2.5400418e-01
 -3.9367515e-01
 -2.5814223e+00
  1.7779955e-01
 -3.1500998e-01
  6.1569917e-01
 -2.7241158e-01
 -1.3747261e-02
  4.5167610e-02
 -2.0683584e-01
  5.9825349e-01
 -2.7689117e-01
  5.3063822e-01
  4.1858897e-01
  5.8180833e-01
 -5.9716499e-01
 -5.7407534e-01
  3.7736803e-01
  5.7979587e-02
  9.8999999e-02
  2.8447785e+00
 -1.4818777e-01
 -1.0865121e-01
 -3.5245171e-01
 -7.9918712e-02
  2.2452803e-01
  5.6053215e-01
  3.8919845e-01
 -5.2026731e-01
 -1.1651608e-01
 -1.5942334e-01
  6.2441707e-02
 -5.2970064e-01
  5.1486045e-01
 -1.6162214e-01
  4.8193920e-01
  2.7026027e-01
 -1.5246186e-01
 -5.5620325e-01
  3.5559130e-01
  7.4917936e-01
  1.5273209e+00
  4.0145684e-02
  5.5924869e-01
  8.2456970e-01
 -2.4228199e+00
  8.4779316e-01
 -5.9582222e-01
  3.6638579e-01
  7.2585565e-01
 -3.7586626e-01
 -2.6508233e-01
 -1.3424969e-01
 -1.5962455e-01
  1.3090952e-01
 -7.7994838e-02
  4.2956021e-02
  3.9538065e-01
  1.2056766e-01
 -1.8414274e-02
 -2.4598067e+00
 -1.4921483e-01
 -1.3220714e-01
  1.6630496e-01
 -6.8925452e-01
 -6.8232101e-01
 -3.3060211e-01
 -1.2795677e+00
 -4.4759009e-02
  7.6272756e-01
  5.0446504e-01
  8.9074272e-01
 -1.2406531e-01
  3.8935259e-01
 -3.8522273e-01
  6.0330465e-02
 -2.2501412e-01
 -3.3660004e-01
 -2.8338341e-02
  1.9485261e-01
 -3.9668760e-01
  4.1509840e-01
 -1.5452711e-01
 -2.0064108e+00
  2.6232207e-01
  1.2676643e+00
 -2.1840291e+00
  2.1555395e-01
  4.6079415e-01
 -2.3309663e-01
 -9.2566532e-01
  2.5631532e-01
  5.0912040e-01
  1.0072931e+00
 -5.0565523e-01
  4.9976669e-02
  7.2195894e-01
 -2.9638749e-01
  1.0600603e+00
  6.1834735e-01
  4.5912084e-01
  3.3058128e-01
  1.5839130e+00
 -9.2653342e-02
 -4.5365635e-01
  1.0662533e+00
 -1.4464220e-01
  7.0529389e-01
 -8.4372371e-01
  2.9346696e-01
  2.9276240e-01
  3.3132946e-01
  4.2158809e-01
  2.5055337e-01
  5.8807826e-01
  1.6714267e-01
  9.2587948e-02
 -4.1509023e-01
 -3.5271904e-01
 -1.0771393e-01
 -7.1431719e-02
 -9.8245777e-03
 -6.1901224e-01
  3.6279434e-01
 -2.9140465e-02
 -2.7326804e-01
  5.4467690e-01
  2.8747764e-01
 -1.2269469e-01
  8.2990599e-01
 -4.6602440e-01
  1.2057914e+00
  1.4759924e-01
  3.3827317e-01
  1.5557949e-01
  1.8459396e-01
 -2.6874012e-01
  1.4832745e-04
  5.5943243e-02
 -3.9127946e-01
 -3.8638300e-01
  9.2965364e-01
  5.6239253e-01
 -1.4140496e-01
  2.3257478e-01
 -3.6469692e-01
 -1.5545601e-01
  3.6507614e-02
 -4.7030807e-01
 -7.1729666e-01
  5.4105389e-01
  8.0881463e-03
 -4.6594217e-01
 -2.3233038e-01
 -2.4939364e-01
 -4.7585940e-01
  4.7046661e-01
  2.7190828e-01
  1.5699416e-01
  2.0499694e-01
  6.5282427e-02
  2.0423560e-01
  3.2092553e-01
 -6.4484221e-01
 -8.5453112e-03
 -3.5982862e-01
 -1.5804116e-01
 -1.6087818e+00
  6.9155461e-01
 -1.6036695e-01
 -2.9979854e+00
  3.2161745e-01
 -1.8231003e-01
 -8.3707845e-01
  3.6125925e-01
  9.4249256e-02
 -7.2921365e-02
  4.3931323e-01
 -7.0697784e-01
 -7.8489259e-02
  2.0737352e+00
 -1.8215106e-01
  1.4175996e-01
 -3.8580250e-02
  1.9136056e-01
 -4.7259298e-01
  5.1184940e-01
 -3.8551486e-01
  2.3318480e-01
 -5.0458115e-02
  2.7902165e-01
  3.3418227e-02
  2.0782171e-01
  1.0997871e+00
 -1.4149937e-01
  5.3484058e-01
  5.9744817e-01
  3.8266253e-01
  2.5005510e-01
 -2.1054375e-01
  5.2650951e-02
 -1.4204475e-01
 -2.1194218e-01
 -9.5203143e-01
 -1.5068358e+00
 -2.2962677e-01
 -2.9298992e+00
 -3.4450117e-01
 -4.6016026e-02
  1.0221068e+00
  6.4886028e-01
  9.8865300e-02
  8.5701054e-01
 -1.0295308e+00
  1.1669575e-01
 -7.8867400e-01
  1.8989876e-01
  6.3798957e-02
 -4.6011606e-01
  3.4951311e-01
 -1.9396251e-02
 -1.7697518e-01
  3.5177922e-01
  2.6109701e-01
 -4.2543384e-01
  3.7588000e-01
  3.8695627e-01
  1.9654369e-01
 -1.2382045e-01
 -6.3662028e-01
 -7.3105767e-02
 -2.0904745e-01
  1.7115992e-01
 -4.2173099e-02
  2.5708091e-01
 -7.4816860e-02
  2.1982001e-01
  4.2066589e-02
 -9.7984754e-02
  2.4065828e-01
 -3.8380988e-02
  2.4843083e-01
  1.1695892e-01
  4.9897990e-01
 -4.5407426e-01
  2.9245412e-02
  2.2854105e-01
  3.3178931e-01
  5.8477080e-01
  6.7725593e-01
  1.2642980e-01
 -3.6635580e+00
 -2.2188361e+00
 -1.5282592e+00
 -1.1002209e+01
 -1.8581411e+00
 -2.4716468e+00
  4.5116359e-01
 -2.0123944e+00
  9.2450047e-01
 -5.8107686e-01
  2.8565083e+00
  5.7541996e-01
  3.2780781e+00
  1.5294358e+00
 -1.8264321e+00
 -1.3783419e+00
  1.1322870e+00
  1.4455122e+00
  1.6771226e-01
  3.0824111e+00
 -3.2186988e-01
 -5.5788887e-01
 -8.1986296e-01
  1.5855566e+00
  1.5687714e+00
 -2.8651780e-01
  8.1468856e-01
 -3.2348481e-01
 -2.1312492e+00
  1.0626094e+00
  6.9118816e-01
 -3.4166044e-01
  4.8176538e-02
  3.0576699e+00
  2.0005016e+00
 -6.6694748e-01
 -1.6843481e-01
 -3.5403150e-01
 -2.6172537e-01
  6.0626549e-01
  2.5243559e-01
 -4.5018220e-01
  2.2453189e+00
  9.3153256e-01
 -2.8257546e+00
  2.0538936e+00
 -1.4841652e+00
  2.5168197e+00
  2.5970664e+00
  6.4062089e-01
 -1.2055669e+00
  2.8669485e-01
 -8.8450843e-01
 -8.8644576e-01
 -1.4985987e+00
 -2.8871071e+00
  1.3878021e+00
 -3.7821022e-01
  1.0445542e+00
 -8.2075459e-01
  6.8075053e-02
 -6.4494276e-01
 -6.7823172e-01
  4.1032887e-01
  1.5088899e+00
  1.4909288e+00
 -4.3935251e-01
 -1.0952022e-01
 -1.5698375e+00
 -3.0632067e+00
 -9.7014293e-02
 -8.1027877e-01
  1.1846117e+00
  3.9850160e-01
  4.2250106e-01
 -9.2127818e-01
 -4.7814375e-01
  5.5344844e-01
  8.3193439e-01
  1.4353837e-01
 -4.1247034e-01
  5.0984222e-02
 -2.0453672e-01
 -1.8099463e-01
  3.7222964e-01
  7.4479379e-02
 -3.0214220e-01
  1.5997685e+00
 -1.6677676e-01
  7.3179531e-01
 -4.6811813e-01
 -2.1541080e-01
  3.7110043e-01
 -3.2758828e-02
  4.4040974e-02
 -7.7477777e-01
 -4.0736756e-01
 -1.1501892e+00
 -2.7018741e-01
 -3.3177438e-01
  2.3195669e-01
  4.3341306e-01
 -1.0655326e+00
 -5.2438194e-01
  9.0691799e-01
 -3.2094544e-01
 -4.3877947e-01
 -2.4734716e-01
  2.6468903e-01
  2.6608214e-01
  3.9101171e-01
 -5.7470310e-01
 -1.0748576e-01
  6.4026825e-02
 -3.2907039e-02
 -3.3325672e-03
  8.6597401e-01
 -4.9767601e-01
  4.5073894e-01
 -2.2268377e-01
 -1.8080956e-01
  2.5120877e-02
  8.3935666e-01
  2.3949194e-01
  2.4381654e-01
 -7.6636517e-01
 -9.5658665e+00
 -5.6762785e-01
 -5.7423043e+00
 -5.3969603e+00
  2.0354714e+00
 -1.6020026e+00
  1.9395081e+00
 -4.1277666e+00
 -1.4943825e+00
 -1.7049870e+00
  2.5115559e-01
 -3.5975239e-01
  1.6612470e-01
 -1.3566498e+00
 -1.5599532e+00
  9.5080936e-01
 -1.3015249e+00
 -3.5331459e+00
 -1.0632982e-01
  2.9711137e+00
  2.1017481e-01
  3.9429715e-01
  3.6820900e-01
  2.8935611e+00
 -1.5196886e+00
 -5.4120117e-01
  4.2205834e+00
  3.5264724e-04
 -1.0792618e+00
 -3.0691144e-01
  3.2418745e+00
 -8.3514512e-01
 -7.4804646e-01
  5.6128375e-02
 -4.8491165e-01
 -4.9814764e-01
 -7.2471601e-01
 -1.0441703e+00
 -5.4879105e-01
  5.1818401e-01
  7.6696008e-01
 -1.5738563e-01
 -7.5801730e-01
  2.8044283e-01
 -4.3824261e-01
 -2.0082855e+00
  2.1355154e-01
 -1.8851626e-01
  1.0029274e+00
  1.1411891e-01
  5.1854987e-02
 -8.0850577e-01
 -2.0699139e-01
  1.2194262e-01
  3.0197588e-01
  2.6945546e-01
 -3.6422750e-01
 -1.8432099e-01
 -3.7532419e-01
  3.0349582e-01
  1.0506775e+00
  2.6270747e-01
 -8.5844123e-01
  9.7397037e-02
  3.3896944e-01
 -5.7132733e-01
  2.2679292e-01
  1.7391279e-01
  4.1414133e-01
  6.6841573e-01
  2.7627602e-01
  4.3775365e-01
 -4.4874832e-01
 -4.9905041e-01
  2.6223233e-02
  5.8699042e-01
  4.9769735e-01
 -6.9062448e-01
 -9.9356286e-02
  3.2965985e-01
  3.6872932e-01
  1.9149970e-01
 -1.7853504e-01
 -6.7108166e-01
  5.2211631e-02
  2.5821787e-01
  5.7112408e-01
  9.4725335e-01
 -1.3507364e+00
  1.5009062e+00
 -5.4772401e-01
 -3.9135355e-01
 -2.4540474e-01
  1.3591675e-01
  2.4391541e-01
  1.0189721e-01
 -4.7355178e-01
  3.5502532e-01
  8.7788269e-02
 -4.2892641e-01
  3.4663963e-01
 -9.3744220e-03
 -1.1196169e-01
  3.0259299e-01
 -1.9025728e-01
 -4.3966955e-01
  6.9885783e-02
  1.4939705e-01
  5.0835764e-01
  7.7242330e-02
  5.6022704e-02
  4.5080196e-02
  5.2321237e-01
 -8.9125820e-03
 -4.4098902e-02
 -3.7236974e-01
  2.6298657e-01
  3.6140686e-01
 -1.1093239e-01
 -9.6302593e-01
  6.0516275e-02
  2.5275314e-01
  2.5309432e-01
  1.1925977e-01
  1.7721094e-01
  2.6696116e-01
 -3.2150790e-01
 -7.0954271e-02
 -1.7237906e+00
 -8.7677318e-01
  2.4437654e-01
 -6.4028478e-01
  1.8743131e+00
  1.3592516e-01
 -6.2119061e-01
 -1.2294223e+00
  1.5906508e+00
 -1.7078805e+00
  8.6173439e-01
  1.2790207e+00
  1.6228856e-01
  1.9500170e+00
  7.2995484e-01
 -2.2745791e-01
  2.4177538e-01
  2.9681654e+00
 -2.7731524e+00
 -2.5559697e-01
  8.5411674e-01
  6.8719250e-01
 -1.0355484e-02
  2.7786283e+00
  4.2950672e-01
  1.5668163e+00
  5.8276546e-01
 -2.5480848e-03
  1.4406335e+00
 -1.6845718e-01
  2.3534443e+00
  1.7879546e+00
 -1.5689731e-01
 -2.5487509e-01
 -5.6168574e-01
 -8.2238692e-01
 -7.9904276e-01
  5.8814806e-01
  2.3104119e+00
 -5.7908255e-01
  2.1384978e+00
  9.9349165e-01
 -9.4234802e-02
  3.8213855e-01
 -6.7771512e-01
  1.1500414e-01
 -5.9511530e-01
 -3.8035989e-02
  4.4549844e-01
 -2.1513501e-01
 -3.1317273e-01
 -4.7795761e-01
 -1.6375531e+00
  9.7971410e-02
 -5.8841705e-01
 -2.2175305e-02
  1.5346302e-01
 -3.6912867e-01
 -1.5590228e-01
  3.4667978e-01
  3.4278911e-01
 -7.2418470e-03
  3.5322589e-01
 -9.2375763e-02
  3.7717475e-03
 -4.1208360e-01
 -1.0927145e+00
 -3.6007795e-01
  2.0563617e-01
 -1.1085362e+00
 -1.7881341e-02
  3.0170041e-01
  2.4058354e-01
 -2.7278954e-01
 -5.8397335e-01
 -5.1538491e-01
  1.4826290e-01
 -3.2219276e-01
 -2.4644718e-01
  1.8202759e-02
 -4.2685717e-01
 -6.6757028e-04
  2.5756459e+00
 -1.2501477e+00
  5.5542314e-01
 -2.4628527e+00
 -7.7734017e-01
  2.2108193e-02
 -2.8861306e+00
  5.2285415e-01
  3.8099539e-01
  6.8502325e-01
  1.6051421e+00
  7.4409872e-01
 -1.0244862e+00
 -1.4041754e+00
  3.1212708e-01
 -3.7690833e-01
  7.1168137e-01
  2.2258935e+00
 -7.4073309e-01
 -3.0366513e-01
  2.0797644e+00
 -1.5629497e-01
  2.3885517e-01
  2.8756982e-01
  5.1482487e-01
  7.4972503e-02
 -1.1718895e+00
 -1.2251688e+00
 -3.4152636e-01
  4.1483799e-01
  5.0137836e-01
  2.1866530e-01
 -6.8998426e-01
 -4.3170553e-01
  8.4380442e-01
 -2.4447340e-01
  6.4900744e-01
 -4.0603495e-01
  4.1936249e-01
 -6.7314975e-02
 -1.1887994e+00
  6.1166084e-01
  5.6922126e-01
  3.0741724e-01
 -1.2472587e+00
  1.1527770e+00
  1.0939282e-01
  1.9808501e-01
  3.3356597e+00
 -2.8072643e-01
  3.4491989e-01
  5.0169373e-01
 -4.3071531e-02
  3.3663088e-01
  3.4838757e-01
  1.1062386e+00
 -3.7834665e-01
 -5.8909708e-01
 -1.6006671e-01
 -2.1500447e-01
  4.7906289e-01
  5.9721059e-01
  1.7531139e+00
 -7.4816994e-02
  2.0566024e-01
  1.9200939e-01
 -1.0835519e-01
  6.1924547e-02
  3.9570802e-01
 -9.3481088e-01
 -5.9335023e-01
 -7.5676495e-01
 -4.0311375e-01
 -6.2223542e-01
  7.4058217e-01
 -2.6756248e-01
 -2.8776509e-01
  1.5082084e-01
 -4.4123286e-01
 -2.4046974e+00
 -4.1642797e-01
  8.5673350e-01
 -3.5923320e-01
  9.8522767e-02
  1.7639343e+00
  9.0265848e-02
  9.4112998e-01
  1.1428598e+00
 -8.2803077e-01
  2.0519111e-01
 -5.7504171e-01
 -4.0035176e+00
 -2.4361750e-02
  1.9037578e-01
  2.4503905e-01
  1.8006383e-01
 -3.8908273e-01
  4.6496537e-01
 -6.0117129e-02
 -1.9066596e-01
 -3.8213417e-01
  6.0462129e-01
 -1.7079647e-01
 -1.0882188e+00
  1.0022558e+00
  2.0833801e-01
 -2.1512489e-01
 -1.7515545e-01
  5.1949114e-01
 -6.1815590e-01
 -5.8473855e-01
 -3.3170620e-01
  1.5040390e-01
  4.3857858e-01
  1.6646382e-01
 -8.4053166e-02
 -1.8719567e-01
 -1.8756041e-01
 -5.6289035e-01
 -7.8181052e-01
 -4.0500605e-01
 -2.3597667e-01
  6.4483601e-01
 -4.2513493e-01
  1.1383355e-01
 -2.5680887e-02
 -5.4499483e-01
  2.9391012e-01
  6.5410453e-01
 -3.6100385e-01
  5.8487284e-01
 -1.0580574e+00
  5.5597323e-01
 -1.4412780e-01
 -7.3177539e-02
  2.1016857e-01
  2.0902877e-01
 -1.5487909e-01
  4.1582292e-01
  2.8811532e-01
  2.7758539e-02
 -5.2875078e-01
 -6.9367665e-01
 -2.7876988e-01
  7.1450649e-03
 -3.5933590e-01
 -3.1387195e-01
  1.5496109e-01
  4.4746277e-01
 -5.4074186e-01
 -3.2404953e-01
  4.8048657e-01
  2.9826662e-02
 -2.7183697e-01
  6.7817557e-01
  1.3366118e-01
 -6.0523674e-02
 -1.7793436e-01
  2.2064851e-01
 -6.3948244e-02
  2.9913938e-01
  6.3762820e-01
 -5.9119738e-03
 -4.5298615e-01
  6.1642689e-01
  1.9997284e-01
 -3.0567586e-01
 -4.0478308e-02
 -3.2026558e+00
 -1.9216404e+00
  1.0769302e+00
 -4.7585964e+00
 -3.2444973e+00
 -2.1444745e+00
  1.6793233e+00
 -3.5137324e+00
 -1.7563843e+00
 -7.7732719e-02
  1.5247334e+00
  5.2071631e-01
  2.4716036e+00
 -6.8501604e-01
 -4.4439073e+00
  6.3102029e-02
  1.9475119e+00
 -3.7671432e-01
  3.1845152e+00
  3.8217435e+00
 -7.8032374e-01
  1.6522631e-02
 -2.2015508e-01
 -3.3445254e-01
  1.1290687e-01
  2.6895113e+00
  3.0735233e+00
  8.4292388e-01
  7.4951613e-01
 -8.4687203e-01
  2.6635847e+00
 -3.9724532e-01
  4.3966717e-01
  1.4567814e+00
  3.6601797e-01
 -6.1972785e-01
 -3.3818477e-01
  8.0885160e-01
  7.8728712e-01
 -1.8699484e-01
 -6.6465664e-01
 -5.8942431e-01
 -7.9566121e-01
  7.5222589e-02
  1.8159905e-02
 -2.5858369e-01
  1.0141594e+00
 -7.9973119e-01
  4.4027585e-01
 -1.2257799e-01
 -4.4642080e-02
 -7.0013261e-01
  7.4722576e-01
 -4.6398008e-01
  2.3338382e-01
  6.7497087e-01
  1.1565038e-01
 -1.6173746e-01
 -2.3892440e-01
 -2.6224914e-01
  1.8502094e-01
  3.8853928e-01
  5.1091582e-01
  5.0826229e-02
 -1.0970316e-01
 -4.9680680e-01
  1.4692350e-01
  3.9425570e-01
  7.6500364e-02
  4.1257390e-01
  5.9848446e-01
 -2.6201728e-01
 -2.9404593e-01
 -1.0167003e-01
  1.4210105e-01
  2.2303332e-01
 -2.8866941e-01
  6.2505454e-02
 -5.4148033e-02
 -3.6467516e-01
 -2.0910587e-02
  5.8622748e-01
 -2.2042854e-01
 -5.5177271e-01
  7.6035398e-01
  8.8765621e-01
  3.2063374e-01
  1.2250296e+00
 -7.2854245e-01
  2.2704026e-01
 -2.0678468e+00
  3.6089113e-01
  7.5548202e-01
  1.9641128e-01
 -5.4159518e-02
 -7.5869061e-02
 -6.0058791e-02
 -3.4770600e-02
 -1.5066233e-01
 -5.2616584e-01
  4.0083843e-01
  2.2015366e-01
 -3.5939094e-02
  1.3000925e-01
 -2.8451249e-01
  7.3657274e-01
  6.2388235e-01
 -2.5114796e-01
  4.3520144e-01
 -1.9537498e-01
 -7.8105944e-01
 -3.0676708e-01
 -4.0803137e-01
  8.4943253e-01
 -1.7476521e-01
  4.1428122e-01
 -2.1271375e-01
 -7.1099389e-01
  2.2138907e-02
 -4.6245730e-03
  8.9483172e-02
 -6.5584332e-02
  1.1750002e+00
 -3.1878775e-01
 -1.1382748e+00
 -6.8214916e-02
 -7.3735243e-01
  7.0025548e-02
  3.8884692e-02
 -9.8864621e-01
  6.0835832e-01
 -5.2787125e-01
  1.1589426e+00
  3.0619788e-01
  1.4433506e-01
  3.5719424e-01
  8.6615795e-01
 -2.5988531e-01
  7.5238937e-01
 -4.4757894e-01
 -7.4442953e-02
 -2.6640755e-01
  4.2534903e-01
 -5.5796880e-02
  1.7052174e-01
 -3.0774784e-01
  7.4243076e-02
  1.4778055e-01
  1.5910201e+00
  3.8635233e-01
  2.0136021e-01
 -5.7128614e-01
  3.1278393e-01
 -3.7642810e-01
  1.4596453e-01
  2.6373732e-01
  6.5017128e-01
  5.4268688e-01
  1.1097182e+00
 -3.7102174e-02
  4.8835360e-02
  2.1351738e-01
 -1.9130352e-01
 -1.9075836e-01
 -3.0001521e-01
  2.1582600e-01
 -3.0757290e-01
  1.6626990e-01
 -9.3177503e-01
 -1.7341173e-01
  6.1421871e-01
 -1.6503724e+00
  6.8858302e-01
 -8.8722694e-01
  2.8776398e-01
 -2.0533043e-01
  4.9674955e-01
  8.6441594e-01
  6.0801393e-01
 -1.3881633e-01
  7.8776765e-01
  1.3491099e+00
  3.7088591e-01
 -2.6500145e-01
  4.2832922e-02
  5.2647221e-01
 -9.4966966e-01
  2.8936929e-01
 -1.1414102e-02
 -3.1658474e-01
  1.8294130e-01
 -3.2551003e-01
 -6.6508465e-02
  4.3362349e-02
  6.1255234e-01
  2.8678012e-01
 -1.6482199e-02
 -3.5430163e-01
 -7.5311229e-02
 -1.7738105e-01
 -1.9487791e-01
 -1.0287998e-01
  4.1299173e-01
  1.1098710e-01
 -3.2543804e-02
  1.8842134e-01
  5.7810318e-01
  4.0062010e-01
  1.3413082e-01
 -2.1771151e-01
 -7.3491898e+00
  2.8983217e-01
 -6.1558032e-01
 -4.2148967e+00
 -3.2679896e+00
 -1.6670903e+00
  2.8892820e+00
 -1.2228881e+00
  1.3122481e+00
  2.7923706e-01
  2.3587625e+00
  1.1636961e+00
  1.0877349e+00
  1.4948918e+00
 -5.2631050e-01
  1.4091057e+00
  2.0303111e+00
  1.5902275e+00
  1.2326921e+00
  3.5109868e+00
  1.5622449e+00
 -2.6369506e-01
  8.3512366e-01
  3.0594604e+00
  1.1166713e+00
  6.8784487e-01
  1.7841187e+00
 -1.0042541e+00
 -1.2462649e+00
  9.9328732e-01
  2.2058330e+00
  1.2740406e+00
  1.4189980e+00
  1.3077469e+00
 -7.8893965e-01
 -4.2073739e-01
 -2.9518339e-01
 -2.6316532e-01
 -4.4302154e-01
 -2.7267292e-01
  2.6281086e-01
  7.5298280e-02
  1.4686128e-01
  5.6048474e+00
  1.5973221e+00
  2.0442522e+00
  4.2411104e-01
  4.0996809e+00
 -1.7706203e+00
 -1.6995156e-01
 -8.9948845e-01
  6.9690120e-01
 -9.2223972e-01
  6.9574565e-01
 -3.7688562e-01
  1.2266887e+00
 -9.6090209e-01
 -1.4898202e+00
  2.7197984e-01
 -1.2867876e+00
  1.7409338e+00
 -1.4830977e+00
  6.2787443e-01
  1.0829354e-01
 -1.0908618e+00
 -1.9276954e-01
 -8.1282854e-01
 -1.0455744e+00
 -1.3665673e+00
 -4.4747302e-01
  6.3550073e-01
 -6.7028232e-02
  5.8754992e-01
 -1.5102969e+00
 -9.6440536e-01
 -1.3164029e+00
 -8.1239408e-01
 -5.1775628e-01
 -1.0507073e-01
  4.2026198e-01
 -3.0106750e-01
 -1.8907718e-01
 -6.1950445e-01
 -6.8128534e-04
  1.0991174e+00
  2.4682158e-01
  2.2672841e-01
  1.6014339e+00
 -1.6006075e+00
  6.5907431e-01
 -1.8762586e-01
  8.7025933e-02
  3.6589655e-01
 -3.4919116e-01
  4.6236679e-01
  5.3726837e-02
 -2.9615842e-02
  3.1350851e-02
 -3.6017916e-01
  7.1262574e-01
  2.1968238e-01
  5.6629938e-01
 -7.5783186e-02
 -1.1191826e-01
  3.0947575e-01
  3.5031742e-01
  2.2211622e-01
  8.1341490e-02
  3.1907767e-01
  8.3062732e-01
  5.5118269e-01
 -7.5310993e-01
  5.2064884e-01
  1.4366513e-01
 -1.6440954e-02
 -5.5329818e-01
 -1.2109349e-02
 -1.4684959e-01
  3.7226063e-01
 -3.8986626e-01
 -1.2121186e-01
 -4.3821234e-01
  3.2368023e-02
  4.7022545e-01
 -1.9671534e-01
 -2.5618762e-01
 -1.7101777e+00
 -1.5018074e-02
 -9.5462853e-01
 -1.6003662e-01
  1.7976010e+00
 -9.7929901e-01
 -3.6449331e-01
 -4.5664351e-02
  3.0942619e-01
 -1.7285375e-01
  5.9317964e-01
 -1.1449394e-01
 -5.9457719e-01
  1.1044619e+00
  8.8260359e-01
  1.5403417e+00
  5.7898635e-01
 -5.0307685e-01
 -5.2443850e-01
  1.1712978e+00
 -1.1082488e+00
  4.9528390e-01
 -2.9249233e-01
 -4.4106206e-01
  1.8172356e-01
  1.2444240e+00
  3.0755367e+00
  8.9595801e-01
 -4.1399065e-02
  4.6886769e-01
 -7.9809511e-01
 -1.1708093e-01
  8.0678988e-01
  1.3977981e+00
 -9.0397596e-02
 -5.8158934e-01
 -1.1176088e-01
 -2.3033907e-01
 -3.2410379e-02
 -5.0643408e-01
  8.5262656e-01
  2.9403278e-01
  6.4162529e-01
  6.7345768e-01
 -1.7602497e-01
  6.1968827e-01
 -4.5672211e-01
  7.3455113e-01
 -1.4441991e+00
  6.4220411e-01
  3.6594734e-01
  1.5114802e-01
 -5.2675956e-01
  1.6726857e-02
 -1.3542646e+00
 -1.4061736e-01
  3.5649323e-01
 -6.5955721e-02
 -5.8230746e-01
  5.5497086e-01
  5.6477076e-01
 -4.5710981e-01
 -8.9118578e-02
 -8.4537491e-02
 -1.3424312e-01
  1.5685488e-01
 -3.6008084e-01
 -7.9924755e-02
 -4.8004901e-01
  1.6445634e-01
 -1.2571377e-01
  2.4673729e-01
 -8.8499773e-01
  1.3052090e-01
 -2.8576756e-02
 -1.2604836e-02
 -2.0136174e-02
 -3.7968925e-01
  1.7129205e-01
 -8.3068323e-01
  6.2209076e-01
 -3.9670980e-01
  5.3573912e-01
  3.1607521e-01
  3.0439849e+00
  2.3639026e-01
  2.5281603e+00
  2.5258856e+00
 -7.1285564e-01
 -7.4756378e-01
 -1.0027640e+00
  1.6961706e+00
 -1.2004278e+00
  8.9479917e-01
 -8.3093607e-01
 -4.3942544e-01
  1.0280727e+00
 -1.7182735e+00
  1.7987341e-01
 -1.4302522e+00
  6.5516508e-01
 -1.0863514e+00
  1.5869058e+00
 -1.1202457e+00
  2.2197044e+00
  5.4308158e-01
  4.9947299e-02
  8.4452248e-01
 -1.5612967e-01
 -5.1268280e-01
 -3.2177947e+00
  1.3794383e+00
  7.9277474e-01
 -1.6145489e-01
  1.0493510e+00
 -5.9420902e-01
  4.6844766e-01
 -1.5464520e+00
  1.2116401e+00
 -4.8902608e-02
 -3.9414233e-01
 -1.4299081e-02
  2.5029173e-01
 -4.7402403e-01
 -2.8076127e+00
  9.5303702e-01
  1.4666370e-01
  6.5454423e-01
  1.3226618e-01
  8.9795631e-01
 -3.9906028e-01
  6.7439592e-01
 -1.2282487e+00
  1.2984291e-01
  6.1232980e-02
 -1.8551586e-02
 -8.4390658e-01
 -3.4364584e-01
 -3.3340582e-01
 -5.3041005e-01
  3.9338809e-01
 -8.8894151e-02
  4.5356908e-01
 -2.2704899e-01
 -1.3499564e-01
  9.1841862e-02
  3.0390975e-01
 -1.1327540e-01
 -6.4020795e-01
 -6.4751023e-01
  1.8710759e-01
 -4.4580242e-01
  3.4742899e-02
 -3.9417034e-01
 -5.8969986e-01
 -1.8865137e-01
 -2.4890249e+00
 -4.9434174e-02
  1.1743547e-02
 -1.1244395e-01
 -9.2670768e-02
  7.5153154e-01
 -2.2978196e-01
 -1.1149769e-01
 -6.8578653e-02
 -4.3697375e-01
  3.5127184e-01
  4.4489157e-01
 -2.0321991e-01
 -1.2783076e-01
 -2.4622731e-01
 -1.8482184e+00
  9.0617102e-01
 -8.8315779e-01
  2.8648147e-01
  2.9849935e-01
  1.5542178e-01
  1.8166277e-01
 -1.8892989e-02
  3.1544977e-01
 -7.3337778e-02
  6.3689971e-01
  1.4390402e-01
  7.2011989e-01
  5.4144496e-01
 -2.5515148e-01
  2.0706543e-01
  4.7323054e-01
  4.2741656e-01
 -1.7163593e-02
  8.5712269e-02
 -4.0576648e-02
 -1.9770581e-01
  1.5911363e-01
  1.1031573e-01
  4.7700191e-01
 -9.0835750e-02
  1.3131130e-01
 -6.1841375e-01
  2.3488156e-01
  1.4471279e-01
 -7.0055550e-01
  4.3698308e-01
  2.1675201e-01
  3.2544950e-01
 -2.5070024e-01
  3.2532882e-02
 -1.4611450e-01
  9.2457667e-02
  2.2052245e-01
  1.3194935e+00
  5.2261096e-01
  5.9437409e-02
  7.4478894e-01
 -1.6153760e+00
 -1.3729192e-01
 -6.5731788e-01
 -9.0449736e-02
  9.6598677e-02
  5.1879030e-01
 -2.3049498e-01
  2.0600964e-01
  1.9720975e-01
  9.9762313e-02
 -6.2382710e-01
 -5.1352042e-01
  5.8479514e-02
  4.0193696e-02
 -3.8323787e-01
  4.3053490e-01
 -2.2297433e-01
 -6.9618398e-01
  1.5799843e-01
  6.0130589e-02
 -1.7740321e-01
 -1.9028957e-01
  2.1836902e-01
 -8.6385772e-02
  3.8491768e-01
  3.8764674e-02
 -2.8579018e-01
  2.4976943e-01
 -1.5717299e-01
 -9.2230028e-01
  1.6009343e-01
 -4.2525087e-03
 -5.3203028e-02
 -3.2911253e-01
  5.8740807e-01
  8.7470196e-02
 -2.3473184e-01
 -7.6812878e-02
  1.1011245e+00
 -2.8308691e-02
 -3.8766003e-01
  8.0752301e-01
 -9.8838609e-01
  7.0151800e-01
 -9.4786233e-01
 -1.4499965e-01
  6.8511534e-01
 -5.6778270e-01
  1.2503356e-01
 -5.0960712e-02
 -4.6125031e-01
 -2.3316745e-01
 -2.3081456e-01
 -5.7768506e-01
  1.0008023e-02
  2.7326562e-02
 -4.8861152e-01
 -2.3809418e-02
  1.2188298e-01
  1.9808513e-01
 -1.9023320e-01
 -1.0654391e+00
  1.3171935e-01
 -4.5927855e-01
 -1.8265882e-01
 -1.1855348e-01
 -4.1853523e-01
 -2.7089629e-01
  2.5774911e-01
  1.2736018e-02
 -3.4767121e-01
  2.8081432e-01
  2.5350004e-01
  3.7367925e-01
 -6.2243212e-02
  2.5112537e-01
 -1.3473285e-02
  3.0181393e-01
 -4.4749692e-01
 -6.9663930e-01
 -1.9678971e+00
 -1.1638955e+00
  2.7854439e-02
 -1.1488104e+00
  5.4679441e-01
 -1.6970282e+00
  1.0764068e+00
  2.5202622e+00
 -3.9364051e-02
 -9.7842135e-02
  5.5122030e-01
 -4.2311057e-01
  1.3827893e-01
 -2.4333288e-01
 -1.3068238e-01
 -2.7084002e-01
  3.3146355e-02
 -1.7078049e-01
 -3.6235008e-01
  1.9996674e-01
  3.8758032e-02
 -2.3857756e-01
  2.3728745e-01
  3.0393231e-01
  1.8366439e-02
  1.3801838e-01
  2.0855918e+00
 -8.2479797e-02
 -2.9028767e-01
  3.0135983e-01
 -5.5391473e-01
 -4.4744678e-02
  1.8410932e-01
  1.5333655e-01
  4.0799290e-02
  1.2582744e-02
 -4.0341824e-01
  5.9003693e-01
 -1.6694076e-01
  3.4041232e-01
 -2.4718383e-01
  6.3177818e-01
  2.6404366e+00
  1.6925777e+00
  8.7580663e-01
  4.8801738e-01
  9.1819769e-01
  6.8405634e-01
 -4.7842431e+00
  1.1204129e+00
  1.3446792e+00
  6.4851230e-01
 -3.7571669e-01
  1.1963541e-01
  9.5946426e-03
  7.1600091e-01
  7.9506886e-01
  1.3573401e-01
 -1.9919050e-01
 -5.6623101e-01
 -1.5602615e-01
 -3.6208537e-01
 -2.2347640e-01
  1.4713269e+00
  5.8636230e-01
 -9.9431032e-01
 -6.0386401e-01
 -7.1251929e-01
  1.1401087e+00
  1.3080595e-01
  7.4563915e-01
  1.0447462e+00
 -3.4758669e-01
 -6.7402226e-01
  7.8130655e-02
  1.7843870e+00
  1.0318855e+00
 -8.3456188e-01
 -5.7610601e-01
 -9.5687157e-01
  9.7477847e-01
  7.0796543e-01
  3.6134285e-01
  1.8664186e-01
 -5.6652588e-01
 -7.0666075e-01
  9.7184420e-02
 -7.5818956e-01
  5.7065398e-01
 -5.6477958e-01
 -9.5786817e-02
 -2.6165324e-01
 -7.7829772e-01
 -2.0914562e-01
  2.9733995e-01
  2.7998456e-01
  2.3689534e-01
  8.5335031e-02
 -2.3815654e-01
  6.3016421e-01
 -3.8431895e-01
  3.6215398e-01
 -2.9008132e-01
  2.9065698e-01
  6.9528803e-02
  1.9571772e-01
 -8.6683922e-02
  4.7775263e-01
  1.7047077e-01
  5.0205177e-01
 -5.6571078e-01
 -1.8201698e-01
 -1.4001605e-01
  2.6745060e-01
  2.6415068e-01
  3.3107691e-02
  5.2656972e-01
  1.4461992e+00
  4.6441633e-01
 -1.5286474e-01
 -7.6934946e-01
  4.2583403e-01
  1.4121634e+00
 -8.2031852e-01
  2.3715036e-02
  5.4244621e-04
 -1.3771901e+00
  1.7901841e-01
  5.4604012e-01
 -1.1294652e+00
  7.4416494e-01
 -5.6165749e-01
  1.0683033e+00
 -6.1034775e-01
 -2.6037401e-01
 -1.2047514e-01
  2.7631691e-02
  7.0085067e-01
  5.8275175e-01
 -5.0339424e-03
  5.5402392e-01
  3.4827948e-01
  5.1800889e-01
 -5.8349288e-01
 -2.0160107e-01
 -6.2125799e-04
  2.2853234e-01
 -4.7829159e-02
  1.0395872e-01
  1.1423603e-01
  5.1015012e-02
 -1.9742776e-01
 -1.0434671e-01
  2.0247760e-01
  2.7443323e-01
 -2.8580308e-01
 -7.3746480e-02
 -4.6350911e-01
 -3.7232280e-01
 -1.6349058e-01
 -6.2736154e-02
  7.6008415e-01
 -4.9460936e-01
 -3.1588912e-01
 -5.7114160e-01
 -2.6751283e-01
 -6.0215461e-01
 -9.8249212e-02
  8.7027073e-01
 -1.5082316e-01
  1.2545332e+00
  2.5498190e+00
  2.7792888e+00
  5.9903135e+00
 -6.3177209e+00
  9.5643036e-02
 -1.3230469e+00
 -2.3418321e-01
 -1.2248842e+00
  9.3183511e-01
 -2.2652468e-01
  1.4091543e+00
  1.5568511e+00
 -8.2828915e-01
 -1.4749427e+00
 -6.3500583e-01
 -4.9218318e-01
  5.7945889e-01
  1.2750341e+00
  6.3583225e-01
 -7.5381494e-01
 -9.2373914e-01
 -7.8932488e-01
  8.4934562e-01
  6.2931234e-01
  3.8110003e-01
 -5.1799518e-01
 -1.6044205e+00
 -4.6878627e-01
 -8.4500265e-01
  9.2627603e-01
  1.1840549e+00
  5.6547765e-02
 -5.4739594e-01
  3.9254823e-01
  6.3981777e-01
  1.7612625e+00
 -7.8547567e-01
 -1.2592378e+00
  5.6323004e-01
 -6.3067496e-01
 -4.6589619e-01
  9.3975417e-02
 -3.2413426e-01
 -1.8148291e-01
 -6.2446792e-02
  5.9480602e-01
  8.2619721e-01
  5.8802646e-01
  9.3452233e-01
  2.3051716e-01
  9.8989558e-01
 -4.1940266e-01
 -8.4580585e-02
  2.0644563e-01
  1.4333545e-01
 -5.3265240e-02
  1.5860151e-01
 -5.4115981e-01
 -3.2179135e-01
  1.1094297e-01
  7.0428705e-01
 -3.7150353e-01
 -1.2445598e-01
 -4.7388420e-02
 -2.1265489e-01
  1.8078163e-01
  7.1545970e-01
 -8.2090266e-02
  5.3198183e-01
 -1.1003468e-01
 -2.1205318e-01
  1.4042398e-01
  9.5227383e-02
  3.5251567e-01
  1.8130478e-01
 -2.0573004e-01
  4.5695668e-01
 -5.5661309e-01
 -3.3233994e-01
 -7.8724223e-01
  7.3476374e-01
 -4.2302608e-01
 -1.7226107e+00
  1.8522676e+00
  1.1243815e+00
 -2.6503694e+00
 -9.3675470e-01
  2.4722834e+00
  2.0925891e+00
  1.7980976e+00
  2.6783893e+00
  2.5641911e+00
 -2.3694286e+00
  1.2836528e+00
 -1.7299880e+00
 -2.6655438e+00
 -2.1725342e+00
  1.9976612e+00
  1.8521016e+00
  1.8162410e+00
  2.5416570e+00
  1.7923156e+00
 -2.2912877e+00
  2.1084197e+00
 -7.8772026e-01
  1.9509385e+00
  1.3842816e+00
  4.4519153e+00
  2.1041203e+00
 -2.8536949e+00
  3.1560433e+00
 -2.5908430e+00
  2.3691244e+00
 -2.4451931e+00
 -2.1002781e+00
  1.9698906e+00
  5.9538764e-01
  2.6244197e+00
 -1.5144659e+00
  2.3820078e+00
  9.6972579e-01
  2.5163736e+00
 -2.3281710e+00
  2.1620772e+00
  2.5198572e+00
 -1.3862971e+00
  1.1145517e+00
 -2.9699011e+00
 -2.5126081e+00
  5.7420665e-01
 -2.2810009e+00
 -3.5578532e+00
 -1.8034995e+00
 -1.1847205e+00
  5.3912868e+00
 -3.7561073e+00
 -4.8434200e+00
  8.0693865e+00
  2.0282340e+00
  7.5754313e+00
  2.5467260e+00
  4.3066874e+00
 -5.4731650e+00
  2.7663343e+00
 -6.1060357e+00
 -2.7037692e+00
 -2.5804513e+00
  1.5560755e+00
 -1.1560144e+00
  6.8678880e+00
  3.0347848e+00
 -1.0910408e+00
 -3.4213841e+00
  2.3417857e+00
 -4.0768242e+00
  6.2232218e+00
  4.3936081e+00
  5.4748225e+00
  4.1830297e+00
 -3.8756726e+00
  4.7631283e+00
 -4.9786468e+00
  7.9760156e+00
 -4.1990480e+00
 -2.4390113e+00
  4.6934643e+00
  3.7196414e+00
  4.3526959e+00
 -4.8717728e+00
  2.9272499e+00
  7.4137321e+00
  5.5244646e+00
 -6.3143897e+00
  2.8488705e+00
  6.6918349e+00
 -4.2722044e+00
  4.6205530e+00
 -3.7516365e+00
 -7.1244841e+00
  2.6370702e+00
 -1.6308639e+00
 -1.6998341e+00
  3.2455187e+00
  1.6083343e+00
  3.4177363e+00
 -1.7240129e+00
 -2.6859376e-01
 -8.8374442e-01
 -3.1781322e-01
 -3.2826155e-02
  2.9023149e+00
 -1.1187757e+00
 -1.7468375e+00
 -9.9458122e-01
 -1.5434389e+00
  1.2319696e+00
 -1.3142672e+00
  2.9433956e+00
 -1.4554273e+00
 -5.3805625e-01
 -8.8786942e-01
 -1.6125927e+00
  1.3649482e+00
 -2.9676974e-01
  1.6727519e-01
 -2.0186431e+00
 -6.4687473e-01
 -4.4143364e-02
 -1.3014919e+00
  2.3933322e+00
 -4.6847701e-01
 -3.1818673e-01
 -2.5170050e+00
 -5.2647895e-01
 -1.4712534e+00
 -2.0080914e+00
 -7.0235163e-01
 -3.1946597e+00
  1.0104647e+00
 -2.3841493e+00
  1.0924871e+00
  4.8424780e-01
  1.0029062e+00
  9.2550188e-01
  4.3744521e+00
 -1.1356114e+00
 -2.4175727e+00
  2.0474195e-01
  2.8807418e+00
  4.6376582e-02
 -5.5354220e-01
 -2.7384028e-01
  5.9814614e-01
 -1.5268539e+00
 -1.0875622e+00
  2.4725148e-01
 -2.0897728e-01
  8.0515778e-01
 -1.2776502e+00
 -1.8145218e+00
 -1.1984999e+00
 -1.4055284e+00
  5.1383722e-01
  3.3925641e+00
  1.0254582e+00
 -9.1431625e-02
 -7.3150772e-01
  5.2800395e-02
 -7.6541710e-01
  2.4407811e-03
 -8.4911561e-01
 -6.0974491e-01
 -2.3991821e-02
  2.2321258e-01
  3.4694505e-01
 -7.7831137e-01
  7.2574580e-01
 -1.2410022e+00
 -8.5415173e-01
 -9.7376995e-02
  7.6729858e-01
 -4.5252022e-01
 -5.4753149e-01
 -8.7289262e-01
 -1.4882387e+00
  1.8277463e+00
  8.9112025e-01
  3.1092840e-01
 -2.0672574e+00
 -1.0637101e+00
 -1.8384715e+00
  1.3369412e+00
 -1.3928485e+00
  4.8649707e-01
 -4.1389942e-01
 -1.7526548e+00
  1.7209202e-01
  5.0913042e-01
 -2.4395630e+00
  8.0296528e-01
 -4.9957192e-01
  3.8287932e-01
 -2.0356538e+00
 -1.4680843e+00
  2.0825045e-01
  4.8958495e-01
 -5.4062076e-02
  1.8989900e+00
 -2.5361173e+00
 -3.6410391e-01
  5.1388043e-01
 -9.9715340e-01
  1.4361565e-01
  6.9029284e-01
  1.4752281e-01
 -1.5019089e+00
 -6.3703299e-01
 -5.7927704e-01
  2.0750463e-01
 -5.5316836e-01
 -1.9107020e-01
  1.1005214e+00
 -5.1315624e-01
 -4.0756366e-01
  3.3446050e-01
  2.0949104e-01
  4.5577067e-01
  6.4122826e-01
  1.6195154e+00
 -2.7717206e+00
 -1.6258156e-01
 -3.6596849e+00
 -9.1107953e-01
 -2.7443939e-01
 -2.0807399e-01
  1.4454088e+00
  3.0377290e+00
  2.1371183e+00
 -1.0584818e+00
 -9.5848215e-01
 -1.5188409e+00
  1.2132399e-01
  3.3560348e+00
  3.3294380e+00
  4.1626835e+00
 -1.2912637e+00
 -1.4585230e+00
 -6.0281760e-01
  5.5870727e-02
  3.2644653e+00
  2.8339183e+00
  3.2909195e+00
 -1.9817189e+00
  8.3123922e-01
  1.5611829e+00
 -3.6855176e-01
  1.5805801e+00
  3.0898485e-01
  2.0187330e+00
 -3.6748791e-01
  8.9330888e-01
  1.8681407e+00
 -5.0420171e-01
 -9.2642760e-01
 -4.6774033e-01
 -4.2669054e-02
  3.8681611e-01
 -5.7566220e-01
  1.0643058e+00
 -1.2695603e+00
 -7.2177368e-01
  1.7117792e-01
  1.6639407e+00
  1.3788569e+00
  2.6194787e+00
 -9.0494460e-01
  9.3770820e-01
 -1.5096202e+00
 -1.3116360e+00
 -1.7284123e+00
  3.7065759e-02
 -7.8094923e-01
 -6.5454769e-01
  1.5630575e-01
 -7.8888613e-01
 -3.1349266e+00
 -1.4751308e+00
 -6.4341170e-01
 -1.3575155e+00
 -2.8540637e+00
 -1.8187714e-01
 -2.4075074e+00
 -3.4398384e+00
 -1.1453892e+00
 -1.3918788e+00
 -4.1786652e+00
 -3.1829584e+00
  9.5263880e-01
 -2.4072816e+00
 -3.9819243e+00
 -5.3506905e-01
 -3.5713911e-01
 -5.3506665e+00
 -3.8201621e+00
  8.0219162e-01
  4.7906533e-01
 -2.0961939e-01
 -4.8838946e-01
 -9.6475857e-01
  7.5836301e-01
 -1.2531503e+00
  1.4153230e-01
  2.0418775e+00
 -1.0022794e+00
 -2.4048173e+00
 -1.1444705e-01
  2.0876837e-01
 -7.4163747e-01
  2.4784531e-01
  4.1369739e-01
 -2.9688263e-01
  8.4482670e-01
 -3.9816841e-01
  3.2422918e-01
  7.5448804e-02
  4.7999799e-01
  2.6373199e-01
 -1.6454172e+00
  2.8851083e-01
  1.6399829e-01
  1.8878825e-01
 -1.2055513e+00
 -5.7349384e-01
 -1.1153306e+00
 -1.5500932e+00
  7.1968949e-01
  6.8302535e-02
  9.5064774e-02
  3.7496701e-02
 -3.1597167e-01
  2.6578668e-01
  4.1036996e-01
  1.1085356e+00
  2.6032856e-01
 -3.6558455e-01
 -8.4598160e-01
  1.0531694e-02
  1.2694377e+00
  6.8888873e-01
 -2.1476407e-01
  5.0452691e-02
  5.0716372e-03
  1.0006585e+00
  3.7871223e-02
 -5.4060221e-01
 -4.4234350e-02
  7.8762203e-02
 -2.3585063e-01
  7.6286227e-02
  2.9939464e-01
  2.8519967e-01
 -2.9758474e-01
  3.0152234e-01
  2.8565785e-02
 -1.8720536e-02
 -5.0775237e-02
  9.2636056e-02
  2.4004012e-01
  3.5327500e-01
  2.5331336e-01
  1.0158538e+00
 -1.4196131e-01
  7.3990777e-02
  8.2111150e-02
  9.9792980e-02
 -7.5856388e-02
  1.3215515e-01
  3.1993851e-01
  1.5687373e-01
 -4.9574327e-01
  9.4209574e-02
 -3.9943084e-01
  1.0122876e+00
 -6.9078827e-01
  4.4319648e-01
 -5.1228374e-02
 -8.1789322e-02
  8.5430264e-01
 -6.9376484e-02
 -9.2777036e-02
 -8.4222597e-01
  2.4519096e-01
 -4.4167253e-01
  3.7945625e-01
 -9.2013758e-01
 -2.7777466e-01
  5.2081716e-01
 -8.4590608e-01
 -3.8577545e-01
 -2.1541984e-01
  1.3356555e-01
 -7.0353252e-01
 -1.2169251e-01
  1.5943533e-01
 -5.2672929e-01
  1.0489444e-01
 -3.0665932e-02
 -2.5627598e-01
 -6.7596751e-01
  2.1207149e-01
 -4.9008492e-01
 -5.6360972e-01
 -6.0863920e-02
  3.2998899e-01
  1.3781521e-01
 -8.0628502e-01
 -2.2194326e-01
  3.6520150e-02
 -5.3219730e-01
  4.9589893e-01
 -1.0802380e-01
  3.4524316e-01
  4.8429195e-02
 -3.9419985e-01
 -6.2900031e-01
  3.9119515e-01
 -4.2787038e-02
 -7.2316222e-02
 -5.2444994e-02
  2.9282567e-01
  1.6397001e-01
  3.2220479e-02
 -3.6164969e-01
 -3.1001517e-01
 -1.2416736e-01
 -1.3531190e-01
 -6.6397816e-02
  5.9899086e-01
 -1.0388945e-01
 -1.5867962e-01
  4.5288283e-01
 -6.5315092e-01
  1.0982641e+00
  3.5734892e+00
 -2.0326786e+00
 -1.7305037e+00
 -7.1325314e-01
 -1.0360371e-01
 -1.2546892e+00
  2.1411374e+00
  4.8699965e+00
  6.5706205e-01
 -2.4957283e+00
 -3.0860283e+00
 -1.6504256e+00
 -1.8533598e+00
 -1.9060848e+00
 -3.2400167e+00
  3.2495961e-01
 -3.0722322e+00
 -2.2603383e+00
 -1.4113109e+00
 -1.8552475e+00
  7.5995874e-01
 -2.9162869e-01
 -2.7541354e-01
 -2.9202526e+00
 -1.5069296e+00
 -4.3183384e+00
 -6.1098978e-02
  1.4760666e-01
  1.2508399e+00
 -3.8024762e-01
  6.1215824e-01
 -6.7200023e-01
  1.1892730e+00
 -7.5362259e-01
 -1.9807404e+00
  7.8200817e-01
  7.4880493e-01
 -5.3365286e-03
 -2.2162877e-01
 -6.2895155e-01
  4.1685295e-01
 -7.5452465e-01
 -3.8106686e-01
 -1.3615179e-01
  1.6480218e-01
 -1.6710768e+00
  1.7785126e-01
 -1.7074955e-01
 -1.6335641e-01
  1.5539302e-01
 -1.9936270e-01
  2.5402534e-01
  1.0175882e-01
 -3.5654989e-01
 -1.1644492e-01
  1.9684862e-01
 -1.3368207e+00
 -3.4161699e-01
 -6.3089871e-01
 -9.5146693e-02
  1.2086272e-01
  1.7221043e-01
  6.5717123e-02
 -8.1675678e-01
  1.0187744e-01
 -4.4708824e-01
 -2.6962706e-01
 -6.7834359e-01
  3.4413940e-01
 -4.6902161e-02
  6.0730230e-02
  1.4864777e-01
 -1.5109594e-02
 -1.3030098e-01
 -5.3940785e-01
 -1.0298108e+00
  6.7699873e-01
  2.9774660e-01
 -3.5219759e-02
 -1.2444394e+00
  8.4550440e-01
  6.7573190e-01
  8.0250776e-01
  3.2611972e-01
  1.0554789e+00
  2.7350447e-01
  2.0219605e+00
 -1.0436494e+00
  2.1124725e+00
 -5.5317742e-01
  4.2764321e-01
  2.3819768e+00
 -4.5743901e-02
  1.8773532e+00
  7.9325557e-01
  1.5968099e+00
  7.3031805e-02
  3.3358231e-01
  2.3201604e+00
  7.6694690e-02
  2.2413263e+00
  7.5427437e-01
  6.2272027e-02
 -7.1790673e-02
 -8.9275879e-01
 -4.1379023e-01
 -5.9495986e-01
  1.1014789e+00
  4.4722810e-01
  1.8163855e+00
 -9.6253514e-01
 -2.5050935e-01
 -6.3870555e-01
  1.0237211e+00
 -1.6797873e+00
 -6.7199075e-01
  2.6506898e-03
  4.4331804e-01
  8.3615206e-02
 -9.2271996e-01
  5.0909287e-01
 -2.9322615e-01
  2.5023904e-01
  3.7979653e-01
  4.2441824e-01
 -8.2314000e-02
  5.7128776e-02
 -6.2815376e-02
 -7.2779305e-02
 -1.1120304e+00
  7.1265906e-01
  5.2274209e-01
 -1.3438766e-02
  1.2569000e-01
 -8.3397068e-02
  5.8302033e-01
  3.1053847e-01
 -6.3022133e-03
  2.8045419e-01
  3.3196431e-01
  2.6737776e-01
 -8.2365870e-02
 -3.4177995e-01
 -8.5763049e-01
 -3.6696932e-01
 -2.4680199e-01
  2.3003149e-01
  1.1785361e+00
  6.3887715e-02
  6.3964093e-01
  3.4206688e-01
  1.7945325e-02
 -5.1812645e-02
 -7.3763794e-01
 -4.5039383e-01
  2.4725902e-01
 -1.7865455e-01
  5.2593225e-01
  8.2660146e-02
 -1.3664837e-01
  2.3098664e+00
 -3.1634432e-01
  5.3032988e-01
  3.2989850e+00
 -1.5429543e+00
 -2.9588606e+00
 -3.8075368e+00
  5.1863950e-01
 -4.2903790e-01
  5.3479940e-01
 -1.2035018e+00
  4.4442854e+00
  3.8202147e+00
  9.9530476e-01
  1.3638434e+00
  3.2006761e-01
  1.5586314e+00
 -2.5412419e-01
  5.9723330e-01
  1.4885013e+00
  1.0515082e+00
  1.0558249e+00
  3.1420231e+00
  1.8735087e+00
  8.6617368e-01
  2.9022327e-01
  7.0471913e-01
  2.2461309e-01
  3.1408775e-01
  2.7156820e+00
  8.2786834e-01
 -6.1694987e-02
  7.4361938e-01
  4.1363010e+00
 -6.7927170e-01
 -5.2353960e-01
  2.2963126e-01
 -2.2229350e-01
  5.0195038e-01
 -4.5294398e-01
  3.7597075e-01
 -1.6795120e-01
  4.6971205e-01
 -1.3612218e+00
  2.5395235e-01
 -9.4173056e-01
  2.8885967e-01
  4.6962228e-01
 -4.4324839e-01
 -4.6099722e-02
  6.8846810e-01
  7.6222137e-02
  7.8177765e-02
 -2.4207054e-01
 -5.6448328e-01
  6.7082576e-02
  1.4076591e-01
 -4.3593851e-01
  3.2215190e-01
  5.5167806e-01
  9.2396873e-01
  4.0928024e-01
  2.0022234e-01
  5.3601193e-01
 -3.2258630e-01
  1.3530065e-01
 -9.2062011e-02
  4.7832230e-01
  3.7023291e-01
 -4.6890494e-01
  1.8767616e-01
  3.2736072e-01
  1.0266159e+00
  1.9133770e-01
 -4.2094287e-01
 -5.5963296e-01
  1.0893266e-01
 -1.0095313e+00
  6.4069539e-01
  1.7293260e-01
  1.4229909e-02
  6.3744700e-01
 -7.1737403e-01
 -7.6591432e-02
  3.8745347e-01
 -4.3498418e-01
  6.3243395e-01
  1.2523043e+00
  3.0726552e-02
 -1.4146078e-01
  2.1636686e-01
  2.7975523e-01
 -2.0501101e-01
  6.1552322e-01
  1.1891637e-01
  4.9685085e-01
  2.3120247e-01
 -6.3693255e-01
  1.3820665e-01
 -2.1537317e-01
 -4.9632964e-01
 -5.2997017e-01
  2.8500732e-02
  1.5785155e-01
 -1.1805408e-01
  6.5242365e-02
 -3.4654811e-01
 -1.7701638e-01
 -2.7628008e-02
  1.8039587e-01
  2.4288258e-01
  4.7065905e-01
 -7.0588864e-02
 -4.0383518e-01
 -9.1498114e-02
  2.2111012e-01
  4.4800439e-01
  4.1645268e-01
  5.0802517e-01
 -2.1062109e-01
  7.8926561e-03
  5.4553258e-01
  3.4665319e-01
 -2.7263412e-01
 -1.1121909e-01
  1.2571852e-01
  1.4472517e-01
 -2.6869547e-01
  1.2382872e+00
  2.7111058e+00
 -4.2882814e+00
  1.9094732e+00
  3.3476126e-01
 -1.0739280e-01
  6.7410553e-01
 -2.7520400e-01
 -3.6247411e-01
 -6.4295942e-01
  6.3159245e-01
 -7.4201666e-02
  2.9716030e-01
 -2.8756222e-01
  5.3271991e-01
  2.6604736e-01
  7.4339062e-01
  4.0636346e-01
 -2.5879812e-01
  1.2543929e-01
 -4.2804605e-01
 -1.2809243e+00
  7.8708053e-01
 -6.8667901e-01
  9.7892350e-01
  2.9264920e+00
  6.2336105e-01
 -8.4594375e-01
 -6.7054051e-01
  2.8946918e-01
 -2.2731450e+00
  7.6582563e-01
  2.5799482e+00
  6.6772230e-02
 -1.0147883e+00
  1.3410552e-01
 -4.0447336e-01
 -3.0679885e-01
 -5.4010063e-02
 -4.2464674e-01
 -2.0089960e+00
 -4.5622513e-01
 -1.1168131e+00
  1.0686281e+00
 -5.9727043e-01
 -1.5407608e-01
  1.2407002e-01
 -6.2463433e-04
 -3.2253310e-01
 -6.3731837e-01
 -3.4957688e+00
  1.4875659e-01
 -8.9939803e-01
  2.7506196e-01
  5.6251419e-01
 -2.2268143e+00
 -2.0527619e-01
  2.1818905e-01
  1.1448836e+00
  7.9793535e-02
 -4.3002166e-02
 -3.8844910e-01
 -1.6275904e-01
 -1.1648817e-01
 -1.5181270e-01
  3.2193410e-01
  6.0598213e-02
  1.2508960e-02
 -2.6782951e-01
  7.1395510e-01
  1.1238068e+00
  8.6534071e-01
 -2.5850561e-01
 -3.2598859e-01
  3.9412567e-01
 -3.2175213e-01
  9.4265185e-02
 -6.0344690e-01
 -1.2441803e+00
 -1.8235207e-01
  3.4920511e-01
 -4.0643081e-01
  8.4651314e-02
 -6.7403269e-01
 -2.3450533e-01
  4.7228059e-01
 -4.1319266e-01
 -7.5280659e-02
 -6.3819736e-02
  1.7835680e-01
  4.9615380e-01
 -4.5280538e+00
  6.3268596e-01
 -2.9824272e-01
 -2.7709410e-01
  2.5891870e-02
  3.6050200e-01
 -1.2628534e+00
 -2.7817229e-02
  5.2370447e-01
 -6.6975701e-01
 -4.8795310e-01
 -4.4849691e-01
  2.4234459e-02
  9.5107794e-01
  8.9375824e-01
  4.8153293e-01
 -2.2825351e-01
 -1.0757459e+00
 -1.1230388e-01
 -1.4830297e-01
 -2.4913234e-01
  7.1164685e-01
  2.8007552e-01
 -2.4381006e-01
 -5.7692349e-01
  3.3833288e-02
 -3.5040498e-01
 -8.2746851e-01
 -4.4105914e-01
 -7.9769045e-01
  2.4239039e-01
 -2.3401596e-02
  2.2150214e-01
  3.3891466e-01
  4.8879299e-01
 -2.1134419e-02
  6.4583495e-02
 -4.4398788e-01
  2.8013043e-02
 -1.3414446e-01
 -6.2593973e-01
 -1.6174355e-01
 -3.6490476e-01
 -3.8920295e-01
 -2.8116137e-01
 -1.2979082e+00
 -3.7932524e-01
 -1.9607368e-01
 -1.0202560e+00
 -1.6187198e-01
  2.2699864e-01
 -1.1183619e+00
 -3.3335371e+00
 -7.3212427e-01
  2.9910666e-01
  3.2084727e-01
 -5.8950859e-01
 -6.1927211e-01
  4.6911065e-02
 -9.7966659e-01
 -4.0052891e-01
 -8.3634742e-03
  1.2624606e-02
  3.0462906e-01
 -2.9026100e-01
 -8.5993141e-01
 -1.1545070e+00
  7.4164919e-03
 -7.3775612e-02
  6.0817212e-01
 -4.6369234e-01
 -2.7806994e-01
  2.7259979e-01
 -3.5948953e-01
  6.9454469e-02
 -3.1306967e-02
 -3.6919773e-01
  1.6862592e+00
 -4.6438646e+00
 -3.2768188e+00
 -2.2219543e+00
  6.7651683e-01
 -1.2051721e+00
 -1.1258255e+00
 -2.7028618e+00
  6.7584378e-01
  5.4744590e-02
 -8.2932301e-02
 -2.5266843e+00
 -2.5455940e+00
  2.5959890e+00
  3.0199511e+00
  1.5827349e+00
  1.4534000e+00
 -2.4890579e-01
 -1.4363565e+00
 -2.4341712e+00
  2.7768321e+00
  1.0989583e-01
 -1.5551028e+00
  2.4612570e+00
 -9.5453662e-01
  2.8318810e-01
 -2.3507991e+00
  4.1242537e+00
  7.1069962e-01
  8.0765170e-01
  1.8855106e+00
  1.1088258e-01
  1.3474683e-01
 -2.4924760e+00
  1.2713685e+00
  2.6634824e+00
  2.8076920e-01
 -9.7903711e-01
  2.0705689e-01
 -4.5845187e-01
  2.9270193e-01
 -1.2129465e-01
 -6.1216161e-02
  1.4654508e-01
  4.1938961e-01
 -4.8959395e-01
 -6.7766923e-01
 -1.6835678e-01
  2.1040924e-02
 -3.4031066e-01
 -1.6708970e-01
  3.9568579e-01
 -6.2445801e-01
 -3.9149371e-01
  1.5538263e-01
 -4.5467532e-01
 -5.0588632e-01
 -1.5547714e-01
 -7.1800190e-01
 -1.8547137e-01
 -1.3498254e-01
 -3.5496011e-01
 -4.9621898e-01
 -3.9970699e-01
 -1.5395147e-01
 -3.6000577e-01
  3.8269505e-01
  5.8604674e-03
  3.4155184e-01
  3.3711955e-01
  2.0254123e-01
  4.2075476e-01
  5.8487642e-01
 -4.7590934e-02
 -6.7577198e-02
  4.6797374e-01
 -9.5640332e-02
 -3.5734758e-01
  3.7018344e+00
  1.4855099e-01
  2.6704866e-01
  1.8581013e-01
 -6.5862380e-02
  8.7305921e-01
 -4.7100922e-01
  1.5163622e+00
  1.6751807e+00
 -8.2859391e-01
  1.3907782e+00
 -1.0545893e-01
 -1.0344224e+00
 -1.2035740e-01
  1.5201867e-01
  6.1006403e-01
  5.0107952e-02
 -1.8674056e-01
 -3.1319079e-01
 -2.4747977e-01
 -2.3599784e+00
 -1.0720205e-01
  1.0060362e+00
  1.1898869e+00
 -2.7275828e-01
 -7.5704563e-01
 -1.2401807e+00
 -1.3405566e+00
  5.0088251e-01
  1.1488980e+00
  2.2749804e-01
 -1.4199822e-01
 -2.6183128e-01
 -7.6357836e-01
 -8.9147389e-01
 -1.3187611e-02
  1.7458284e-01
  2.9573628e-01
  3.7989695e-02
 -2.2323979e-01
 -6.8035319e-02
 -7.0061630e-01
  9.0957659e-01
  4.5020051e-02
  6.5810817e-01
 -2.8757453e-01
  5.5677724e-01
  1.8378322e+00
  6.4291209e-01
  1.1828766e-01
 -1.4459773e+00
  5.2543378e-01
 -2.7535000e-01
  7.7178234e-01
  8.1421441e-01
  1.0937687e-01
  6.5767325e-02
  3.8558677e-01
 -5.5878371e-01
 -1.6647893e-01
  3.6864081e-01
 -1.1200319e-01
  4.0886804e-01
  1.4007118e-01
  4.7167966e-01
 -7.0683366e-01
 -1.4212798e+00
  1.3944426e-01
  1.4253066e-01
  8.3048135e-01
  4.7899380e-01
 -5.3010076e-01
  2.4391161e-01
 -3.8038883e-02
 -3.2707751e-01
 -1.1105400e-01
  1.8806374e-01
 -1.5440814e-01
  2.5895646e-01
  5.1879358e-01
 -5.7995903e-01
 -2.4647032e-01
  3.5194561e-02
  5.2492926e-03
 -7.5877130e-02
 -5.9978801e-01
  6.4992529e-01
 -2.3323900e-01
  7.9994701e-02
  5.3378516e-01
 -5.2336228e-01
  1.0509810e+00
 -7.9713249e-01
 -2.5650954e-01
 -2.5609663e-01
  6.2047243e-01
 -1.9261129e+00
 -7.4175519e-01
 -1.1158819e+00
 -1.4413745e+00
  3.0727077e+00
  6.7892283e-01
  1.0661348e+00
 -9.4516605e-01
  2.8825748e-01
 -7.4385029e-01
 -2.0061204e+00
  2.7075601e+00
  2.3190996e-01
  4.9563217e-01
 -1.2392300e+00
  5.8874291e-01
  4.1983253e-01
 -2.0227032e+00
  3.4947667e+00
 -7.4657971e-01
  3.5271630e-01
 -1.0268883e+00
 -2.7734372e-01
 -4.4782469e-01
 -2.1703043e+00
  2.2501864e+00
 -6.8263598e-02
  2.0958230e-01
  5.0490266e-01
 -3.6898326e-02
  2.4427602e-01
  1.2310910e+00
  5.8724409e-01
 -5.9539571e-02
 -7.3906147e-01
  7.5499356e-02
 -3.2099095e-01
  7.0885491e-01
  3.5334715e-01
 -5.3514248e-01
 -1.8962024e-01
 -8.5658485e-01
 -1.7624958e-01
  2.8754345e-01
  1.8411645e-01
 -4.4646260e-01
 -2.8128505e-01
  1.2956153e-01
 -5.1155931e-01
 -1.0749409e+00
  5.2850586e-01
 -5.9887741e-02
  5.1912075e-01
 -3.8131509e-02
  2.9342299e-02
  2.5914288e-01
 -2.8995631e-02
 -4.4841249e-02
 -3.0293033e-01
  1.7261849e-01
 -3.2161811e-01
  1.7220253e-01
  6.5291949e-02
  6.7857093e-01
  3.8759711e-01
 -2.7046242e-01
 -4.6222836e-02
 -1.4530147e+00
 -5.6495290e-02
 -3.2131454e-01
  1.1973605e-01
 -8.0212325e-02
 -2.3026450e-01
 -4.9876371e-01
  5.3036219e-01
  1.1880187e-01
  3.3350962e-01
  7.9594433e-02
 -9.0640944e-01
  2.2325614e-01
 -5.6794256e-01
 -4.7462854e-01
  8.5940892e-01
  1.7594478e-01
  7.6337659e-01
  8.1025600e-01
 -1.0173613e+00
  1.5886778e+00
 -9.6549678e-01
 -3.6648893e-01
 -3.0465690e-02
 -1.4691136e+00
 -8.6041564e-01
 -1.7025843e-01
  4.4520283e-01
 -1.4166334e+00
  1.4262785e+00
 -7.5104934e-01
 -5.3866082e-01
 -2.8698772e-01
 -1.1025349e+00
  3.7485275e-01
 -9.5581782e-01
  1.9789269e+00
 -1.7955248e-01
 -4.5177227e-01
 -2.2243872e-01
 -7.3259073e-01
  2.7420053e-01
 -8.4553820e-01
  6.5716636e-01
 -3.6042544e-01
 -5.8477736e-01
 -2.4189220e-01
  1.2754308e+00
  3.2480720e-02
  2.1513762e-01
 -6.2985763e-02
 -1.7420309e+00
  1.3552263e+00
  1.3198659e+00
 -5.0723088e-01
  3.6750844e-01
  1.8997290e+00
  2.0171853e-02
  1.1491659e+00
 -1.3560227e+00
 -5.6734532e-01
  7.4252349e-01
 -8.3170247e-01
  1.3027444e+00
  4.3514815e-01
  6.9428885e-01
  1.5242434e+00
  1.2286215e+00
 -3.2057634e-01
 -2.5213900e+00
 -3.2770833e-01
  4.4012256e-02
  1.2642660e+00
 -1.6108136e-01
 -2.2856976e-01
  4.4304958e-01
 -7.7830821e-01
 -1.1289451e+00
  1.1142985e-01
  4.8713616e-01
  2.7207798e-01
 -5.4196857e-02
 -1.7087740e-01
 -3.7218130e-01
 -5.3643686e-01
  4.9771976e-01
  2.9479641e-01
  9.1533735e-02
  4.2940825e-02
 -1.0941463e+00
  5.8401483e-01
  1.1023265e-01
  3.8345933e-01
 -2.1575879e-01
  9.2511915e-02
 -9.4806397e-01
 -2.7387390e-01
 -2.5280300e-01
 -1.7084607e-01
 -2.3583420e-01
 -1.4534961e-01
 -4.9282429e-01
 -3.3055261e-01
  5.3453898e-01
  3.1550542e-01
  9.1638125e-02
  1.4136611e-01
  1.8438476e-01
 -9.3382031e-02
 -1.2053834e-01
 -2.7685338e-01
 -7.1913965e-02
 -1.1850888e-01
  3.9713261e-01
  2.7294743e-01
 -4.4433975e-01
 -2.8174850e-01
  2.5441167e-01
  2.4584953e-01
 -5.2885938e-02
  9.9073268e-02
  7.0524149e-02
  4.0517602e-02
  2.3100807e-01
 -3.0897874e-01
 -1.2561084e+00
 -2.5530145e-01
 -1.4944522e-01
  1.3974121e-01
  9.1655791e-01
  1.4432584e-01
 -4.7552654e-01
 -4.8673376e-01
 -2.4427637e-01
 -2.8640470e-01
 -6.5653622e-02
 -8.9704156e-01
 -6.3980460e-01
 -1.0152597e+00
  5.1097107e-01
  1.2847579e-01
 -1.6338524e-01
  5.0221361e-02
  7.5766093e-01
  1.0618030e-01
 -1.5176892e-01
  1.0939458e-01
  7.0284389e-02
  7.0899957e-01
 -1.3998440e-02
  3.5827714e-01
 -3.7863833e-01
  1.9490328e-01
 -5.6661052e-01
 -6.0158890e-01
  4.1952026e-01
  4.1092780e-01
  7.1995872e-01
 -1.0396155e-01
 -5.3542554e-01
  1.9603251e-01
  1.5915319e-01
 -2.7296656e-01
 -1.0331182e-01
  3.1585398e-01
  3.5797477e-01
  1.0463991e-01
  1.6036123e-02
 -1.7527243e-01
  2.5529768e-02
  1.4407836e-01
 -5.3747642e-01
 -5.0807738e-01
 -6.9248623e-01
 -1.6844845e-01
  3.0815211e-01
 -8.4949113e-02
 -7.9964451e-02
  9.5875569e-02
  1.6432737e-01
  1.2502654e-01
  3.4890705e-01
 -1.1468691e-01
  4.0059763e-01
  1.7791480e-01
  1.5702201e-01
  1.0614257e-01
 -1.1776456e-01
 -9.8720938e-02
  5.4970777e-01
 -1.0944129e-01
  7.2032702e-01
  3.4590706e-01
  5.9914533e-02
  4.9678993e-01
 -1.8659799e-01
 -1.0557817e-02
 -1.0591264e-02
  4.6805379e-01
 -7.4321729e-01
 -4.5216748e-01
  5.5502713e-02
  2.2664891e-01
 -6.7267764e-01
 -2.5383877e-02
  7.2241046e-02
  3.4325799e-01
  7.5132601e-02
 -5.9442282e-01
 -2.1060064e-02
 -3.8315332e-01
 -3.4950799e-01
  2.0954806e-02
  4.8003193e-02
 -3.4274450e-01
  8.1051314e-01
 -2.4650185e-01
  7.1459037e-01
  4.7889027e-01
  4.8619884e-01
  1.3816717e-01
  5.6248236e-01
  4.0950370e-01
 -5.2045089e-01
  1.1849595e+00
 -2.4309215e-01
  3.9580494e-01
 -5.1378685e-01
 -3.4033523e+00
  2.7789283e-01
  2.7653980e-01
  1.0129833e-01
 -1.0709006e-01
 -5.9263557e-01
 -5.4805368e-01
 -8.1232563e-02
 -2.3668171e-01
 -3.6179176e-01
 -7.3708004e-01
 -5.1709557e-01
  5.9198421e-01
  1.0245427e-01
 -2.9896438e-01
  6.9787669e-01
 -1.9542033e-02
  1.7090181e-01
  4.4357289e-02
 -5.0288594e-01
  4.3742615e-01
 -2.0565616e-01
  1.0131763e-01
  2.6230004e-01
 -3.4743530e-01
  3.3818042e-01
 -2.8908339e-03
  2.2629881e-01
 -6.2144649e-01
 -7.2971439e-01
 -1.4427991e-01
 -7.8251624e-01
 -3.4348755e-03
 -4.6914750e-01
  2.9860541e-01
  3.8684389e-01
  8.9985013e-01
 -1.7185274e-01
  4.8323665e-02
  4.7216466e-01
  2.8017199e-01
 -6.8793547e-01
 -3.5974652e-01
  1.1250448e-01
  1.0311906e-01
 -1.5967772e+00
  4.7208592e-01
 -3.7171030e-01
 -2.0340977e+00
 -2.0690747e-01
 -2.8681129e-01
 -1.3170748e+00
 -1.1506525e+00
  2.2309847e-01
  8.4968127e-02
  5.0745659e-02
  5.7182932e-01
  5.6100301e-03
 -4.4954979e-01
 -2.4748807e-01
  5.7835299e-01
 -4.5564994e-01
 -3.4070054e-01
  2.9589966e-01
  3.9233637e-01
 -1.6197851e-01
 -4.4806215e-01
 -8.0342746e-01
  1.9734800e-02
  6.4230740e-01
 -1.5938540e-01
  7.2183986e-03
  3.3981499e-01
 -1.5082587e-01
 -5.6080335e-01
 -3.4022432e-02
 -1.2902640e-01
 -6.6014415e-01
 -1.1434932e-01
 -2.5204502e-02
 -2.4891619e-01
 -4.1089043e-01
 -1.7773227e-01
  2.0572838e-01
 -3.0794895e-01
  3.3658385e-01
  8.3596967e-02
 -8.3044104e-02
 -1.7519893e-01
 -4.4375786e-01
 -7.1512085e-01
 -1.6790563e-01
 -3.4576765e-01
  3.4253509e-03
  5.8727719e-02
 -9.1018595e-02
 -4.9705222e-01
 -4.7719542e-02
  2.4798119e-01
  2.7287841e+00
  1.7154710e-02
  1.8314700e-01
  8.1769824e-01
  9.5151895e-01
  2.1216273e-01
 -3.6295810e-01
  3.1786838e-01
  2.7290374e-01
  7.4646629e-02
 -2.1893215e-01
  7.7415802e-02
  5.9441197e-01
 -6.0898846e-01
 -4.3795463e-01
 -5.5993676e-02
  3.1618884e-01
  1.4881827e-01
  1.5926947e-01
  3.1407440e-01
  8.6038828e-01
  9.0517618e-02
 -7.1354026e-01
 -9.8948503e-01
  1.6411012e+00
  4.8482284e-01
  2.3713281e+00
 -6.8470776e-01
 -9.2749351e-01
 -4.3931559e-01
 -5.0746548e-01
  1.5285435e+00
 -2.0733573e+00
  4.7184104e-01
  4.3879873e-01
 -1.4464322e+00
 -1.0101445e+00
  2.6980743e+00
  2.0581915e+00
 -1.9984494e+00
  3.7262022e-01
  1.8837300e-01
 -1.9457034e+00
  4.3664607e-01
  4.3955401e-01
  9.5105284e-01
 -7.2292584e-01
 -1.6740454e+00
  7.4762785e-01
 -1.7665532e+00
 -4.4822580e-01
 -1.1735036e+00
  6.2214696e-01
 -2.2393674e-01
 -1.6184251e+00
  5.1377124e-01
  1.5416636e+00
 -4.8038423e-01
 -5.2681172e-01
 -5.6550312e-01
 -3.6240509e-01
  3.0496645e-01
  9.9838734e-02
  3.2408914e-01
 -1.7399641e-02
  6.4882457e-01
 -2.2042154e-01
  4.6575034e-01
  7.8072786e-02
  4.5225137e-01
  2.6831570e-01
  1.3718055e-02
  1.3367059e-02
 -8.3189815e-02
 -8.7876844e-01
 -1.7759699e-01
 -2.5360915e-01
  5.3490663e-01
  5.9778404e-01
  1.6920605e-01
  1.5715425e-01
  3.7500927e-01
  1.9873238e-01
 -5.2916773e-02
  2.8580651e-01
  4.0636432e-01
  7.5631119e-02
  2.3052639e-01
  7.9523224e-01
  2.9455236e-01
 -8.6893278e-01
 -2.5003177e-01
  3.6976227e-01
  1.9683354e-01
  8.0212808e-01
  8.7086357e-02
  3.5005170e-01
  2.8269738e-01
  7.2510809e-02
 -2.5260404e-01
  4.0350285e-01
  1.1771552e-01
  2.5052938e-01
 -4.5743522e-01
 -4.6163908e-01
  6.3175756e-01
 -9.0043331e-03
 -6.3899837e-02
  5.6288045e-02
  5.3650647e-01
 -1.2968458e-01
  2.1035241e-01
  1.7207105e-01
 -5.5823112e-01
 -5.2683991e-01
 -1.0014955e-01
 -8.1342362e-02
 -1.6428130e-02
 -2.0100325e-02
 -2.4185325e-01
 -4.1058725e-01
  1.4308294e-02
  4.1757867e-02
  5.8278322e-01
 -6.8015224e-01
  3.5680407e-01
  2.6878709e-01
  6.6495179e-03
  8.0694705e-01
 -4.3727055e-01
 -4.6293721e-01
  5.6575976e-02
 -3.3369344e-01
 -2.0462018e-01
  1.7959633e+00
  3.4531426e-01
 -1.1319274e-01
 -2.4623425e-01
  1.8799141e-02
  1.4169396e-01
 -5.2917135e-01
  3.5476124e-01
 -2.8219618e-02
 -3.8383150e-01
 -2.3427924e-02
  8.1091565e-01
 -5.2331191e-01
 -1.3406219e+00
  1.3632062e-01
  1.7882401e-01
 -3.0250844e-01
 -1.5335937e+00
 -3.3639857e-01
 -4.5293957e-01
  2.0447235e+00
 -2.0986614e-01
 -1.8700709e-03
  3.9275344e-02
 -1.3238821e+00
 -4.0208396e-02
 -5.1428550e-01
 -7.9883970e-02
 -2.7744913e-01
 -7.2146535e-02
  3.9689255e-01
  2.8113875e-01
  8.9045361e-02
  4.9972139e-02
  2.6844019e-01
 -2.8874707e-01
  5.0621611e-01
  7.4726582e-01
  6.2784028e-01
  9.2913991e-01
  4.9844620e-01
 -4.0529662e-01
  2.5025287e-01
 -3.9888974e-02
  1.7165506e-01
 -1.2950910e-02
  3.1738091e-01
  3.1095091e-01
 -1.5257324e-02
  3.8790220e-01
 -1.3545866e-01
 -3.0641058e-01
  2.9522714e-01
 -4.0838423e-01
  2.5921459e+00
 -2.9186373e+00
 -4.0237732e-02
 -2.1320002e+00
  1.8046631e-01
 -2.0905299e+00
 -6.6174723e-02
  2.1405151e+00
  1.6220319e+00
 -5.4000634e-01
  7.1785164e-01
  1.2405616e+00
  1.2662394e-01
  3.5821021e+00
 -1.1430928e+00
  2.6067965e+00
  2.4115029e-01
  3.1629040e+00
  1.8799548e+00
  1.5440661e+00
  6.9816846e-01
 -1.0222580e+00
  1.3353721e+00
  1.2608145e-01
  3.8977413e+00
  1.1247219e+00
  2.4943316e+00
  7.3153758e-01
  7.0360385e-02
  1.8888865e+00
 -6.2466037e-01
  2.5421414e-01
  5.1755083e-01
  1.4822752e+00
  1.2036515e+00
  7.3713157e-03
  6.6578931e-01
  5.6029290e-01
  1.5979610e-02
 -5.8966922e-03
 -6.0391295e-01
  3.3566070e-01
 -5.2087790e-01
 -3.4383520e-01
  7.2175729e-01
 -1.4103612e-01
 -9.6327746e-01
  1.1173353e+00
  9.9568731e-01
  6.2485278e-01
  1.4981347e-01
  1.1608621e-02
 -7.5606585e-01
 -3.2607433e-01
  5.2744967e-01
  1.3849415e+00
  1.8610522e-01
  1.0336944e+00
 -7.4751574e-01
 -1.9254919e+00
  1.8260375e-01
  2.2334442e-01
  1.1478316e+00
  6.2827766e-01
 -2.2326465e-01
  3.4270450e-01
 -5.8862710e-01
  9.5564030e-02
 -4.8253658e-01
  1.5517765e-01
  9.9910814e-01
  1.3968877e-01
  3.4529969e-01
  1.6192201e+00
  1.2854394e-01
 -4.4951897e-02
  5.9832770e-02
  9.2145354e-02
 -5.8003062e-01
  5.4265970e-01
  4.2740043e-02
 -4.0727854e-01
 -2.1706963e-01
 -1.1999592e+00
  2.2448896e-01
 -7.3880661e-01
  1.2042225e-01
  5.5826116e-01
  4.5988756e-01
  4.0367827e-01
  1.2965782e-01
 -8.8513941e-02
 -3.7767851e-01
  8.4502590e-01
  2.6515901e-02
  3.8576740e-01
 -1.2766194e-01
  1.6302733e+00
  1.7720046e+00
  7.9980575e-02
 -4.3457186e-01
  3.7032214e-01
 -5.7927519e-01
  4.8841527e-01
  1.5246040e-01
 -4.4782128e-02
  7.3335064e-03
 -8.1022866e-02
  6.4862782e-01
 -7.4235529e-02
  2.0214607e-01
 -2.9347712e-01
 -4.5324737e-01
  5.2016497e-01
 -5.5986786e-01
  1.9581114e-01
 -2.7281284e-01
  3.8041687e-01
 -7.5378753e-02
 -3.1764862e-01
 -6.1702803e-02
  1.8362328e-02
 -3.3608919e-01
 -1.1362415e-01
 -7.5649905e-01
 -1.2095062e-03
  5.3732926e-01
 -7.5906962e-01
  7.8354108e-01
  5.5746853e-01
 -3.2699925e-01
 -8.9912429e-02
  1.2354604e+00
  2.8060552e-01
 -7.9233104e-01
 -8.6408369e-02
  1.9933563e-01
 -6.9636151e-02
  3.7831672e-02
 -1.4210276e-01
  8.1435871e-01
 -5.6501740e-01
  8.8440873e-02
 -2.0069276e-01
  7.0182776e-01
  8.3434097e-02
  9.4210088e-01
  4.3339804e-01
  3.9508945e-01
  3.2599354e-01
  4.1620070e-01
  2.6891851e-01
 -3.8179215e-02
  8.0606379e-02
  7.1137846e-02
 -1.9445293e-01
 -2.9140073e-01
  7.4928659e-01
  2.1512971e+00
 -6.0297364e-01
 -1.3721737e-01
 -3.4753856e-01
 -2.6237488e-02
 -2.9132959e-02
 -8.0106400e-02
  6.3701397e-01
 -9.4928727e-02
 -8.0018342e-01
 -1.3298237e+00
  4.5187676e-01
 -2.1874232e-02
 -2.0232554e-01
  6.8398523e-01
 -4.0908203e-01
 -3.1432030e-01
  9.3150020e-02
  3.2379994e-01
  4.7335941e-01
  9.3470740e-01
 -6.1235154e-01
  2.2735743e-01
 -1.1448194e+00
 -2.3108125e-01
 -8.2222357e-02
  2.1690001e-01
  7.8231812e-01
 -5.0037229e-01
 -4.1669944e-01
 -2.9968089e-01
 -3.1996694e-01
  2.1375954e-01
  2.9941028e-01
  2.2969706e-01
  1.0321926e+00
  1.3789624e-01
  3.7893730e-01
 -1.2654375e+00
 -1.6951630e+00
  4.5293593e-01
 -4.8374612e-02
  4.5472258e-01
 -2.1303943e-01
  4.9156708e-01
  5.6234598e-01
  5.1574510e-01
  1.8557909e-01
  1.0367805e-01
 -1.0614412e+00
  9.3967155e-02
  6.2187922e-01
 -8.2033026e-01
  3.3247845e+00
 -9.2082903e-02
 -5.0542245e+00
  8.1540927e-02
 -1.2685300e+00
  1.2859024e+00
  8.9621794e-01
  1.6252357e-01
  5.8337992e-01
 -4.1599640e-01
 -7.7267259e-01
  7.1122006e-02
 -1.9128730e+00
 -8.0525017e-01
  1.3186210e+00
  2.7889919e-01
  1.5257709e+00
 -9.8754632e-01
 -9.5716196e-01
 -1.0075971e+00
 -6.2050748e-01
 -1.3521334e+00
  9.7386241e-01
  1.6082869e+00
 -5.3062332e-01
 -1.4411567e-02
  2.2788386e+00
  1.0996510e+00
  1.0475185e+00
  1.8539480e+00
  9.1881031e-01
 -1.2499686e+00
  1.0580172e-01
  2.3649491e-02
  1.9501109e-01
  8.0045170e-01
 -4.6262279e-01
  3.0340168e-01
  2.2870947e-01
  5.3012276e-01
 -5.5190307e-01
 -1.8112329e+00
 -4.3828183e-01
  5.8069963e-02
  2.9305640e-01
  3.0003110e-01
  1.5906827e+00
  3.2356927e-01
  6.4137489e-01
 -3.5689405e-01
 -1.9291581e-01
 -3.9706877e-01
  4.8425142e-02
  1.3438670e-01
  3.6757770e-01
  3.9558675e-02
 -2.2222206e-01
 -3.9304101e-01
 -5.7219118e-01
  6.1345186e-02
  2.8924721e-01
  1.9028346e-01
  2.0772450e-01
  2.0561658e-01
  3.1003648e-01
 -2.5854763e-01
  2.2599654e-01
 -4.5252749e-01
  1.2785760e-01
 -6.9820203e-02
 -3.0870861e-01
  2.9406957e-02
  9.8580889e-02
 -1.0463438e+00
  2.0148809e-01
  2.4802734e-01
 -5.3742766e-01
  2.0402445e-01
  4.0102965e-01
 -5.4993582e-01
 -3.1496000e-01
 -2.0623504e-01
 -1.6389766e-01
  4.2695868e-01
 -8.6423331e-01
  4.1465949e-02
 -3.5523534e-01
 -4.9303123e-01
 -1.4421143e-01
  2.0100264e-01
  3.9162233e-02
 -2.3803456e-01
 -6.7191057e-02
  2.4961312e-01
 -5.7494521e-01
 -3.1959221e-01
  5.2612430e-01
  2.8909409e-01
 -1.6882901e-01
 -9.1764696e-02
  6.3887304e-01
 -2.3752232e-01
 -9.2033908e-02
 -3.6010885e-01
 -6.3427001e-02
  8.1664547e-02
 -2.9967093e-01
  1.0190104e+00
 -2.2920292e-02
  3.7459442e-01
 -3.7085420e-01
 -1.1324113e-01
  3.7138116e-01
 -1.6477649e-01
 -9.5867105e-02
 -3.4114686e-01
 -6.4440370e-02
  7.3911697e-02
 -1.2050477e-01
 -5.3435642e-02
  6.8406105e-01
 -3.8908103e-01
  9.5576033e-02
  2.2982351e-01
 -2.5440046e-01
  2.0556262e-01
 -6.1667893e-02
  4.0186769e-01
  5.5680734e-01
 -8.8068765e-01
  1.6488223e+00
  2.5659881e+00
 -2.2524431e-02
 -1.4188583e+00
  7.9875940e-01
  1.9011331e-01
 -3.4290558e-01
  2.0052239e-01
  1.0299734e+00
  8.1347835e-01
  2.8322223e-01
  5.5840975e-01
 -2.1776140e-01
  4.4472095e-01
  1.5800811e-01
  9.9344707e-01
  1.3359584e+00
  7.3543710e-01
 -6.0072392e-01
  4.9829370e-01
  4.7410402e-01
  2.2713910e-01
  1.9745561e-01
  4.1987780e-01
 -4.8832398e-02
  1.4527328e+00
  3.4518695e-01
 -1.0619101e-01
  2.0481844e-01
 -6.8733454e-01
 -5.3123868e-01
  1.8465416e-01
 -2.9271248e-01
 -5.2843265e-02
 -9.0371475e-02
  3.7718609e-01
 -1.5248114e-01
 -7.3297983e-01
 -8.9189953e-01
  6.8462813e-01
  1.3637768e-01
 -1.1246556e+00
 -2.4317542e-01
  2.0498285e-01
  6.6052693e-01
  6.8984263e-02
  2.9074103e-01
 -1.2839346e-01
  9.1223770e-01
 -1.4862941e-01
  1.3779220e-01
 -4.1971747e-02
  5.8351181e-02
 -2.5617382e-02
  1.3118280e-01
  2.0901906e-01
  4.2151892e-01
 -3.1460650e-02
  4.8159021e-01
  1.7359567e-01
 -1.0560305e-02
 -1.3797827e-01
  1.7276457e-01
 -5.5733180e-01
  4.8541304e-01
  5.3307992e-01
 -2.3938166e-01
 -7.0877475e-01
 -1.9416043e-01
  5.6837755e-01
  2.3893559e-02
  7.2783726e-01
 -3.5098857e-01
 -3.3578086e-01
  9.2619672e-02
  6.4058912e-01
 -2.3696077e-01
 -1.3624266e-01
 -1.1459049e-01
  2.8517830e-01
 -6.7805672e-01
 -3.0506489e-01
  2.9415193e-01
 -3.6082700e-01
  7.5044930e-02
  6.2489355e-01
  2.3045368e-01
  1.3390136e-01
 -2.4854393e-01
  4.6880268e-03
  8.2491882e-02
  3.3949673e-01
 -6.0653508e-01
  6.7822403e-01
 -1.9076894e-01
 -2.7936777e-01
 -1.0744503e-01
 -9.3658704e-01
 -3.5030094e-01
  8.4238678e-01
  9.5378238e-01
  3.7374900e-04
 -2.3184785e-01
 -6.3917870e-03
 -5.2142483e-01
  3.8797644e-01
  1.5324260e-01
  7.9808384e-02
 -2.3037049e-01
  3.1949469e-01
 -2.2305986e-01
 -2.8368938e-01
  3.3303899e-01
 -1.6245142e-01
 -7.9021549e-01
 -1.1318183e-01
  6.0184468e-02
  1.9294567e-01
 -3.5707495e-01
 -1.7970379e-01
 -2.6426879e-01
  1.8888668e+00
 -7.7549320e-01
  2.2485857e+00
  9.2021823e-01
  1.5397460e+00
 -1.3414288e+00
 -6.5779173e-01
 -2.4082002e-01
 -1.2316655e+00
 -3.0838603e-02
 -4.6487835e-01
  1.0456941e+00
  4.9520608e-02
  2.1377103e+00
  2.9107606e-01
 -1.4761358e+00
 -2.9918621e+00
 -9.5887905e-01
  7.9314178e-01
 -1.8025399e+00
 -3.1831097e-02
 -9.0199834e-01
 -2.2058947e+00
 -4.7321066e-01
  2.0414312e+00
  1.9325267e+00
 -7.6993316e-01
 -1.1790996e+00
  2.7171010e-01
 -2.4857464e+00
  1.2448219e+00
 -1.1186864e+00
  2.2413713e-01
 -2.0760801e+00
 -3.6178929e-01
  3.4766117e-01
  8.8549930e-01
 -4.3809313e-01
  5.5053312e-01
  1.2432542e-01
  1.2209813e-01
  4.3579325e-01
 -1.6203752e-01
  6.4155942e-01
 -9.5260665e-02
 -3.5993385e-01
  1.0370146e-01
 -4.4980422e-02
 -1.7476439e-01
 -1.6186534e-01
  3.0831942e-01
  2.2034575e-01
 -1.9828340e+00
 -7.3692793e-01
 -3.4441891e-01
 -7.1811658e-01
 -2.2708316e-01
  1.0528585e+00
 -8.9165992e-01
 -1.6689600e-01
 -1.1104538e+00
 -2.5551778e-01
  2.5792506e-01
  6.0852754e-01
  1.8009266e-01
 -6.7134029e-01
 -1.3729146e-01
 -3.1210300e-01
  6.8946975e-01
 -6.7058164e-01
  1.2943354e-01
  9.4954289e-02
 -3.1519717e-01
 -6.7899692e-01
  2.2408146e-01
 -3.1338349e-01
  5.7459861e-01
  3.7288204e-01
 -5.2207947e-01
 -3.7337413e-01
  3.8478598e-01
  3.4985304e-01
 -2.6521388e-01
 -7.5773346e-01
 -3.5744938e-01
 -2.1104939e+00
 -2.5207293e+00
 -1.3290046e+00
  9.3698204e-01
 -2.6604724e+00
  3.0069740e+00
 -2.8047280e+00
  1.1720539e+00
 -2.8216314e+00
  2.5938895e+00
  3.4297383e+00
  9.7536546e-01
  2.7122562e+00
 -2.1638439e+00
  2.4179659e+00
 -2.9298160e+00
 -2.6015861e+00
 -2.4562030e+00
  1.8618529e-01
 -2.6344523e+00
 -2.8542674e+00
  3.6069839e+00
 -2.5880184e+00
 -3.0652683e+00
 -2.1523917e+00
  2.1394682e+00
 -3.4029679e+00
  2.8783460e+00
  3.2179856e+00
 -3.1677542e+00
 -2.8026407e+00
 -2.5778661e+00
  1.1395731e+00
 -3.3088107e+00
 -2.6075542e+00
 -3.0112917e+00
  2.0709457e+00
  2.6066515e+00
  3.0077302e+00
  2.9308696e+00
 -2.7209682e+00
 -1.5468103e+00
  3.1191437e+00
  3.0378196e+00
  2.4883008e+00
  2.8062561e+00
  2.3382726e+00
  1.6714538e+00
 -1.7641574e+00
 -1.0079781e+00
 -3.3589957e+00
 -2.4822049e+00
 -4.8429084e+00
  4.2043562e+00
 -5.2642112e+00
  7.1386986e+00
 -3.7664304e+00
  4.8413696e+00
 -6.3217678e+00
  5.0485296e+00
  7.7702036e+00
  4.3585560e-01
  2.4841287e+00
 -1.1078736e+00
  1.5411873e+00
 -5.4249668e+00
 -2.9803452e+00
 -3.9029934e+00
  9.6427703e-01
 -2.3801675e+00
 -7.1548624e+00
  7.5295019e+00
 -3.2153316e+00
 -5.1131077e+00
 -3.5177875e+00
  5.4578428e+00
 -5.1150131e+00
  6.6260757e+00
  2.0158501e+00
 -3.1864691e+00
 -6.4966335e+00
 -2.6868801e+00
  1.7741171e+00
 -6.6731315e+00
 -8.0783427e-01
 -3.8624482e+00
  7.2209442e-01
  3.1103106e+00
  2.5788050e+00
  5.7598910e+00
 -6.7078099e+00
 -2.2373493e+00
  3.4649544e+00
  2.4750578e+00
  2.9330680e+00
  2.7311432e+00
  4.0661459e+00
  5.0006866e+00
 -1.7366656e+00
 -1.8448511e+02
 -2.5769677e+00
 -3.5085053e+00
 -6.8717396e-01
 -2.1155289e-01
 -2.2909650e-01
 -1.7919519e+00
 -3.3977649e+00
  2.7286682e-01
 -1.1037408e+00
 -2.0426027e-01
 -1.5137765e+00
 -2.9319665e-01
  1.8554941e+00
  8.5208464e+00
 -5.4859424e+00
 -3.3139354e-01
  6.2474161e-01
  2.3496048e+00
  2.8451512e+00
  6.3043249e-01
 -5.8414680e-01
  4.8864813e+00
  1.4912713e+00
  3.3838916e+00
 -1.5169322e+00
  2.6157053e+00
  9.5318919e-01
  1.3581976e+00
 -7.6146856e-02
  3.6665305e-01
 -2.9640062e+00
 -2.3179710e+00
  4.9051633e+00
  1.2117130e+00
  3.9796948e-01
  5.8834797e-01
  1.9797668e+00
  1.0810499e+00
  1.3594145e+00
 -6.4940467e+00
  2.3242979e+00
  3.9324164e-01
 -1.1639024e+00
 -1.3652476e+00
  2.7578018e+00
  8.3380926e-01
 -8.6295056e-01
 -1.1677858e+00
 -3.3380048e+00
 -1.5621020e+00
  1.0165912e+00
 -9.5318037e-01
  4.8086433e+00
  5.1461041e-01
  1.5124371e+00
  4.5899794e-01
  1.1570035e+00
  4.8988066e+00
 -1.6623056e+00
 -2.5721667e+00
 -8.6525446e-01
  7.1034974e-01
  7.7009469e-01
  7.6693857e-01
  2.2597699e+00
  1.0839456e+00
  1.0346445e-01
  2.1961701e+00
 -1.7740679e-01
  1.5856225e+00
  4.9691868e-01
 -2.4803331e+00
  4.0459004e-01
 -2.5009582e+00
  8.3019316e-01
  1.8447951e+00
 -5.1284653e-01
 -2.9963698e+00
  4.0648481e-01
 -1.3713300e+00
 -1.4068887e+00
  1.3389566e+00
 -1.6403595e+00
  3.2094376e+00
 -1.6265593e+00
 -1.5974667e+00
 -1.4168104e+00
  2.8082800e-01
 -1.2656653e+00
 -9.2727947e-01
 -6.2348801e-01
  1.2669288e+00
 -5.6857079e-01
 -1.0396229e+01
 -1.9206481e+00
 -9.9928027e-01
  3.4596452e-01
 -1.4277151e+00
  1.1445973e+00
  2.8839667e+00
 -4.0420232e+00
 -2.2504249e+00
  1.6716974e+00
 -1.1402400e+00
  2.2936680e+00
  1.8776341e-01
 -1.4806045e+00
  3.3413279e+00
 -2.8514044e+00
 -1.0858651e-01
 -2.3220527e+00
  1.5606596e+00
  1.4901160e+00
  5.9979825e+00
  3.0780628e+00
 -8.7000978e-01
  1.6163940e+00
  1.1564486e+00
  1.6165041e+00
 -1.6850786e+00
  1.3932662e+00
  3.7685731e-01
 -3.9046648e+00
  1.2667317e+00
 -2.6779640e+00
  1.3313080e+00
 -5.7365960e-01
  3.1286626e+00
  5.7174957e-01
 -1.2056522e+00
 -2.7852042e+00
  1.0431002e+00
  2.2091732e+00
 -3.9252541e+00
 -1.8568870e+00
  1.6932716e+00
 -3.6941209e+00
 -1.8767067e+00
  3.9165659e+00
 -4.4125280e+00
 -2.7590733e+00
 -1.4017001e+00
 -4.7252278e+00
  2.7911678e-01
 -1.0138280e+00
  1.7487364e-01
 -3.3958775e-01
  8.1881171e-01
  7.6826185e-02
  1.8406392e+00
 -1.3888776e+00
  4.3203986e-01
 -1.2024697e+00
  7.3264307e-01
  2.8555589e+00
 -2.0091739e+00
  3.6161423e+00
 -2.5122395e-01
 -2.4143512e+00
  5.8378804e-01
 -1.1439981e+00
  2.3878121e-01
  5.9623891e-01
 -1.3493955e-01
  2.6149366e+00
 -4.2966218e+00
  6.1104977e-01
  1.4597684e+00
 -1.9554092e+00
  8.1142980e-01
 -8.4951746e-01
  4.3433785e-01
  8.5686320e-01
 -1.8886125e-01
 -2.1638730e+00
  1.6507384e+00
 -3.8499858e+00
 -8.9857286e-01
 -1.8548870e+00
 -3.5513272e+00
 -5.8189321e-01
 -6.5222633e-01
  1.4530394e+00
  2.8314388e+00
 -2.2147753e+00
 -2.5995741e+00
 -2.4329579e+00
  1.2628964e+00
  3.1289053e+00
  1.0586549e+00
  1.1501946e+00
 -4.4499189e-01
 -6.2375945e-01
  8.5826063e-01
  1.6619368e+00
 -1.3282185e+00
  2.5379062e+00
 -2.0911024e+00
  8.0351381e+00
  2.8876090e+00
  6.7329782e-01
 -2.6461821e+00
 -1.5490017e+00
  7.0281446e-01
  4.7167224e-01
  5.4365492e-01
  4.5720067e+00
  8.3146244e-01
 -2.6600318e+00
  1.4499311e+00
  1.7344217e+00
  3.4233449e+00
  3.2712433e+00
  1.2876420e+00
 -1.8296915e-01
 -1.2698901e+00
 -2.9540235e-01
 -1.6282649e+00
 -3.2536048e-01
  1.5233232e+00
  2.2551634e+00
  2.0599484e+00
 -3.0649269e+00
 -2.9397708e-01
 -8.8973051e-01
  2.3435588e-01
  8.2783216e-01
 -7.2861642e-01
  3.7469363e+00
 -3.7456903e-01
 -3.1751187e+00
 -1.3993051e+00
  2.2602892e+00
  9.4729543e-01
  4.7498238e-01
  7.4960625e-01
  1.9896533e-01
  2.1906006e+00
 -6.8147004e-01
 -6.6536379e-01
  2.4943879e+00
 -1.8429123e-01
 -2.0253010e+00
 -1.7658755e+00
 -2.1783671e+00
 -8.8798541e-01
 -2.7744541e+00
 -2.5032427e+00
 -5.1409727e-01
 -2.7908254e+00
  2.8659017e+00
 -1.4010692e+00
 -3.8251014e+00
  6.7422241e-01
  7.2276115e-01
 -1.0632079e+00
  3.7812579e+00
 -4.2314181e+00
 -4.3307233e-01
  5.7544861e-02
 -3.7552533e+00
  9.0784085e-01
 -5.2497226e-01
  3.7160224e-01
  2.3440018e+00
 -2.4766597e-01
 -2.1769302e+00
  5.8794059e-02
 -1.3415208e+00
 -3.4512895e-01
  1.5933156e+00
  1.0972236e+00
  1.4183104e+00
  2.6468737e+00
 -4.7831073e-01
  4.9493032e+00
 -7.4388057e-01
  4.9394891e-02
  2.6628382e+00
 -3.3040698e+00
  4.5368856e-01
 -2.7954125e+00
 -1.4111305e+00
  3.7592003e+00
  2.0241237e+00
 -5.8682120e-01
  2.9740146e-01
 -2.5956886e+00
  5.0578558e-01
 -1.1605151e-01
 -9.1187400e-01
  5.1760834e-02
  1.6780959e+00
 -4.8326192e+00
  1.5725349e+00
 -5.1583815e+00
  6.4492635e-02
  5.2776879e-01
 -4.5129504e+00
 -1.0582982e+00
  1.0135826e+00
 -3.1291887e-01
 -4.2577658e+00
 -2.8531981e-01
 -1.8329730e+00
 -1.9266352e-01
 -1.9362543e+00
 -4.9889698e+00
  3.1834209e-01
  4.5080039e-01
 -1.4910145e+00
 -6.7130888e-01
  1.1140094e+00
 -1.7366372e+00
 -7.6496571e-01
 -4.6803164e+00
 -1.6051189e+00
  1.8992906e+00
 -4.8383207e+00
  1.8688730e+00
  2.3919551e+00
 -2.0098202e-01
 -3.2964069e-01
  5.5869853e-01
 -1.3973202e+00
 -1.4457065e+00
 -8.7002546e-01
 -2.5598524e+00
  3.0938861e+00
  2.6569228e+00
 -1.6653914e+00
  2.4797523e+00
  9.9981451e-01
 -2.0452156e+00
 -2.3350420e+00
 -6.2901783e-01
  2.2640622e-01
  3.0373471e+00
 -3.8726854e+00
  6.3009459e-01
  5.5257893e-01
 -3.2060688e+00
  6.5709341e-01
 -6.5709674e-01
  5.6350189e-01
  4.0789561e+00
 -9.6812505e-01
 -3.3375034e-01
  4.6923888e-01
  4.5587988e+00
  1.5197041e+00
  1.2150241e+00
 -8.9552635e-01
 -1.1111966e+00
  2.3582530e+00
  1.3713024e+00
  2.1534700e+00
  1.5030095e-02
 -1.3424441e-01
 -5.0673407e-01
  4.3708405e+00
 -7.1763724e-01
 -1.6279234e+00
  2.4021773e+00
  3.0907788e+00
 -4.7538524e+00
 -2.1345532e-01
 -1.9206189e+00
 -2.4467185e+00
  9.5241708e-01
  1.4871374e+00
  1.2665149e+00
  2.8905354e+00
  2.0457878e+00
 -3.6084819e-01
 -1.3470574e-01
 -8.8105047e-01
 -2.5474250e+00
  1.1781126e+00
 -1.4327202e+00
 -2.5539133e-01
 -4.4736252e+00
  3.4447762e-01
  2.1904924e+00
  1.8531615e-01
  9.3023218e-02
 -1.1113813e+00
 -9.3480206e-01
 -3.7026849e+00
 -8.8290709e-01
  7.3679900e-01
 -2.3956406e+00
 -1.9874394e+00
 -6.2191629e-01
  2.4970572e+00
 -1.0144703e+00
 -1.0654400e-01
 -1.5091740e+00
 -1.3228325e+00
  6.6282594e-01
  1.3005823e+00
  6.3549381e-01
  9.3180823e-01
 -4.2336267e-01
  8.9405262e-01
  1.5576901e+00
 -3.3964942e+00
  1.1480906e+00
 -4.0254040e+00
  9.3499660e-02
 -2.6976839e-01
 -7.1304965e-01
 -5.4759359e-01
  1.7954787e+00
 -1.1924914e+00
  1.1959176e+00
  3.4077090e-01
 -1.4132494e+00
  4.4618759e+00
 -5.5571480e+00
 -2.9449144e-01
  9.3646526e-01
  7.2694153e-01
  1.4114815e+00
 -2.5685292e-02
 -4.8858541e-01
  3.7070200e+00
  7.2794259e-02
  3.7293389e+00
  3.7976587e-01
  3.3780923e+00
 -1.0787371e+00
  1.3699425e+00
 -3.5242348e+00
  3.5910146e+00
 -5.2177176e+00
  3.1040251e+00
 -7.2661728e-01
 -4.5338064e-01
  2.4946296e+00
 -1.2039696e+00
 -1.0684248e+00
  3.7388020e+00
 -6.9159943e-01
 -5.6643529e+00
  3.6603122e+00
  1.4551012e-01
 -1.7214833e+00
  1.0249652e+00
  3.1576679e+00
  3.6298561e+00
  2.0697510e+00
 -1.3476555e+00
  3.7419319e+00
  6.2130505e-01
 -1.2952086e+00
 -4.9211347e-01
 -2.4597147e+00
 -7.4748158e-01
  2.4674640e+00
 -1.4631659e+00
 -1.4051281e+00
  2.1720035e+00
  1.3687081e+00
  4.1794741e-01
  7.3012376e-01
 -1.3653617e+00
  5.2692235e-01
  4.1578677e-01
  1.6895562e+00
  8.0742759e-01
  4.0479894e+00
  1.3743926e+00
 -2.0655153e+00
 -1.6182255e+00
  1.3220638e+00
  1.4167699e-01
 -1.1694970e-01
  9.9211007e-01
 -1.0048300e+00
 -4.8455417e-01
  7.1045649e-01
 -1.6628236e+00
 -9.6196568e-01
  4.8023767e+00
 -5.8338630e-01
 -7.2987384e-01
 -1.1297878e+00
  1.6493000e+00
  5.8799243e-01
 -7.9668331e-01
  1.0422374e+00
 -2.7357752e+00
  2.1571984e+00
  9.4881076e-01
  1.6793085e+00
  1.9373579e-01
 -4.6985441e-01
  4.3909259e+00
 -2.6715026e+00
  2.2464490e+00
 -2.3589423e+00
 -1.0793898e+00
 -1.5848556e+00
 -9.6033931e-01
  4.0176603e-01
 -2.2705829e+00
 -5.5556040e+00
  1.5668429e+00
 -3.6269808e+00
  3.5634911e-01
  4.2023039e-01
 -1.3506160e+00
  1.0543150e+00
  6.5102220e-01
 -9.2380822e-01
  1.6120244e+00
  2.3012683e+00
 -7.7733207e-01
  2.0568052e-01
 -1.2818594e+00
  1.8284502e+00
 -1.0749017e+00
 -2.2206008e-01
 -9.2360091e-01
  5.1641030e+00
 -1.3061622e+00
 -1.7326023e-01
 -1.8373779e+00
 -3.0098946e+00
  1.4286415e-01
  8.1947827e-01
  2.1129148e+00
  4.9263716e-01
  2.6049454e+00
 -4.9617288e-01
  4.2353926e+00
 -1.5347366e-01
  7.6400352e-01
 -1.2125455e+00
  3.8795097e+00
 -9.0591866e-01
 -3.8361925e-01
  2.0310128e+00
 -1.7039810e-01
  3.0485690e+00
  1.8528364e+00
  8.8706589e-01
 -1.9557850e+00
  1.3108591e+00
  1.4009398e+00
 -2.4095149e-01
  1.4570000e+00
  2.8160014e+00
 -1.0529382e+00
  6.8434960e-01
 -1.2634598e+00
 -1.7178315e+00
  2.6149812e-01
 -1.1201596e+00
 -2.1195557e+00
 -5.3451806e-01
  1.4876707e+00
 -1.9871085e+00
 -1.1418535e+00
 -1.9352822e+00
  1.2990751e+00
 -9.3813860e-01
 -3.3354005e-01
 -1.6063472e+00
  5.8930421e-01
  3.5895517e-01
 -1.6051319e-01
 -1.1929635e-01
  1.2857292e+00
  2.1306620e+00
 -4.3272832e-01
  1.6630679e+00
  6.0569412e-01
  7.8391159e-01
  2.8247943e+00
  1.3792114e+00
  4.9909967e-01
  1.3637846e+00
  1.8371172e-03
 -8.2406813e-01
  5.0989097e-01
 -2.0515423e+00
 -3.5494802e+00
  7.8946054e-01
 -1.4326416e+00
  8.0075973e-01
 -3.4419427e+00
  8.8400319e-02
 -2.2650962e+00
 -1.1853266e+00
  1.1161197e+00
 -2.4292567e-01
  3.3916354e+00
 -1.3719947e+00
 -1.7576216e+00
  3.2105596e+00
 -8.5921979e-01
  2.9056552e-01
  1.2688419e+00
  1.6137142e+00
 -3.1009045e-01
  3.1813898e+00
 -4.8180747e-01
  2.0301625e-01
  1.2366208e+00
 -2.3467503e+00
 -3.6770177e-01
  1.4214573e+00
  6.6135876e-02
 -7.8940505e-01
 -1.0768394e+00
 -3.3200331e-02
  1.1939932e+00
  1.8668624e+00
 -2.3009095e+00
 -1.1437204e+00
  2.2959261e+00
 -2.8249225e-01
 -1.0036045e+00
  3.6915534e+00
  2.9873168e-01
 -1.4901295e+00
  6.4867622e-01
 -5.5624999e-02
 -4.8987558e-01
  4.5444092e-01
  2.8894457e-01
 -1.1806177e-01
  3.9585860e+00
 -1.2076267e-02
 -5.8201683e-01
 -2.0287192e-01
  8.4118086e-01
  1.0779073e-02
  2.0840743e+00
  2.1694459e-02
 -2.0443320e+00
  1.9771523e+00
 -5.1675397e-01
  7.9840457e-01
 -2.3025472e+00
  4.9094659e-01
  5.9391099e-01
  1.6067230e+00
 -2.3599537e-01
  9.2001694e-01
 -4.5621943e+00
 -1.0657347e+00
 -1.2517411e+00
 -4.5595735e-01
 -3.0853742e-01
 -1.2376623e-01
  1.3255950e+00
 -8.6678153e-01
  7.6064217e-01
  2.5885767e-01
  8.0383033e-01
  1.7742836e-01
  1.1222768e+00
  3.3424702e+00
 -1.7843997e-01
  7.5376391e-01
  8.1049395e-01
  6.0036987e-01
  3.2555850e+00
 -1.2870950e+00
  2.3565730e-01
 -1.4766200e+00
 -1.2978599e+00
 -6.5708184e-01
  1.7935872e+00
 -5.5829740e-01
  2.0588889e+00
 -3.7575725e-01
  6.3647879e-03
  4.2404458e-01
  1.4941611e+00
 -4.3092341e+00
 -7.6922750e-01
  1.8018417e-01
 -1.3719727e-01
  1.8820305e+00
  2.2962677e+00
 -1.4504693e+00
 -1.8735997e-02
  3.0223989e+00
  6.7347211e-01
  9.9878913e-01
  1.3597813e+00
  1.5068422e-01
 -9.7677559e-02
 -1.4591697e+00
  1.6960199e-01
 -2.4691805e-01
  1.0194725e+00
  2.3043151e+00
 -7.7450049e-01
  2.4974575e+00
 -3.7189370e-01
  2.2436982e-01
  8.1807327e-01
  2.7426178e+00
 -2.1903971e-01
 -2.1342037e+00
  2.6525393e+00
 -1.3012351e-01
 -3.8634267e-01
  9.6729793e-02
 -7.0568693e-01
  1.0072749e+00
  2.5903387e+00
 -8.3180040e-01
 -9.5405251e-01
  9.2544550e-01
  3.5723406e-01
  7.5621420e-01
  9.2379642e-01
 -6.7599159e-01
 -4.3635733e-02
  6.3838464e-01
 -7.7538423e-02
 -2.5949660e-01
  7.2543800e-01
 -2.1015139e-01
 -1.6138105e+00
 -5.7322210e-01
 -5.0335711e-01
 -1.1371250e+00
  7.2752729e-02
  2.3701102e-01
  2.0368838e+00
  3.7871546e-01
 -1.9552566e+00
 -1.8355016e+00
  6.5173966e-01
 -8.9549255e-01
  1.0195607e+00
  1.6623930e+00
  7.9566652e-01
 -4.1001096e-01
 -2.9472716e+00
  2.6873832e+00
  4.4270307e-01
 -7.4939646e-02
  1.9111428e+00
  1.9957530e-01
  8.8913465e-01
 -6.2234670e-01
 -1.4669254e+00
 -1.2790652e-02
 -1.5348589e+00
  1.5222735e+00
  1.5844177e-01
 -1.9776763e+00
  4.6233220e+00
 -1.1778133e-01
  7.9108411e-01
  1.9362580e+00
 -5.8186209e-01
 -2.5947683e+00
 -2.6073685e+00
  1.8347672e+00
  2.1185868e+00
 -9.2392720e-02
 -1.0996336e+00
 -1.1856776e-01
  4.8774691e+00
 -5.4549730e-01
  8.4675491e-01
 -1.6150733e+00
  4.4633588e-01
 -5.8171183e-01
 -1.7577521e+00
 -3.8425329e-01
 -2.4635603e-01
  1.8098791e+00
 -1.3517123e+00
 -3.2987888e+00
  5.2262175e-01
 -2.6930681e-01
  1.7401568e+00
 -1.0180622e+00
 -8.7803793e-01
  8.1880921e-01
 -2.9185283e+00
  8.0226893e-03
 -9.4730633e-01
 -2.5604007e+00
  1.1857945e-01
  3.4582565e+00
 -1.3684608e+00
 -8.0852795e-01
 -9.1772012e-02
 -2.8978055e+00
  9.7116333e-01
  1.8140565e-01
 -1.1136354e+00
  1.0785904e+00
  3.6049571e+00
 -7.1523559e-01
  3.5558939e-01
  9.8583050e-02
 -1.8675627e+00
  7.0639217e-01
  4.0414691e-01
  1.9920012e+00
  1.4097134e+00
  1.1423468e-01
  2.6103115e+00
 -2.2725649e+00
 -5.1862293e-01
 -1.6239603e+00
  2.6675441e+00
 -1.3608862e+00
  7.1828508e-01
  1.4125897e+00
  6.9026910e-02
 -2.6134858e-01
 -2.4008726e-01
  7.3285097e-01
 -8.5697317e-01
 -1.2908783e+00
  3.0945659e+00
 -4.4022365e+00
 -3.7443522e-01
 -1.0704659e+00
 -2.4489646e+00
  2.9148581e+00
  2.0181632e-03
  2.3587363e+00
 -1.2195803e+00
 -3.6684527e+00
  4.4396296e-01
 -1.1174937e-01
 -1.4386830e+00
  5.3726244e+00
  2.4615657e-01
  2.6578381e+00
  2.8737576e+00
  1.4177637e+00
 -8.3726607e-02
  1.6823692e+00
  2.7734122e+00
 -2.4919468e-01
  2.5293832e+00
 -1.8689431e-01
 -1.1106186e+00
  3.9627075e-01
  1.9517062e+00
 -2.6256928e+00
 -9.3519676e-01
  8.5031605e-01
 -2.3238266e+00
 -1.8993242e-01
  1.4517999e+00
 -7.0644087e-01
 -2.8244753e+00
 -1.6824479e-01
 -2.3608415e+00
 -6.5054667e-01
 -1.2921498e+00
  5.8051014e-01
 -6.0121959e-01
  8.3925337e-01
 -5.8854026e-01
 -3.4159021e+00
 -2.6611547e+00
 -4.9990267e-01
 -9.0739220e-01
 -2.4054029e+00
  1.8392075e+00
 -1.1370975e-01
 -1.0772172e+00
 -3.6321324e-03
  6.7676917e-02
 -2.6325047e+00
 -1.4241005e-01
 -1.0327181e+00
 -3.0089089e-01
  3.5483801e-01
  2.5913018e-01
 -1.1500012e+00
 -6.5803206e-01
  1.8543098e+00
 -1.3698130e+00
  5.0454080e-01
 -1.8093947e+00
  6.6155225e-01
 -1.4441900e+00
 -1.6172659e+00
  2.4100550e-01
  2.4462166e+00
 -8.4893906e-01
  1.4615561e+00
  2.7158210e-02
 -1.5537736e+00
  4.1605490e-01
  3.2618761e-01
 -6.4096230e-01
 -1.4109818e+00
 -4.1732648e-01
 -3.0184405e+00
 -1.6387833e+00
  4.9030468e-01
  3.1497343e+00
  1.3700914e+00
 -9.7943440e-02
  2.6753232e+00
  2.1426058e+00
  5.6514502e-01
  7.7224904e-01
  2.9340808e+00
  8.5588580e-01
 -5.0697958e-01
 -3.3097297e-01
  5.9784359e-01
 -1.7522929e+00
  3.1429369e+00
  1.0173749e+00
  6.7780441e-01
  2.4092944e-01
 -5.6849301e-01
  1.0476366e-01
 -5.0491649e-01
 -6.3143677e-01
  7.2379702e-01
  1.1853695e+00
  4.5708666e+00
  1.5199410e+00
 -9.1016966e-01
 -4.7000742e-01
  1.5699866e+00
  8.7808913e-01
 -4.4370723e-01
 -1.4374578e-01
 -2.6496918e+00
  2.3371036e+00
  1.0313221e+00
 -2.6603987e+00
 -4.2207780e-01
 -2.2426486e+00
 -8.4702528e-01
  8.2346873e-04
 -1.9529229e-01
 -3.0864489e+00
  8.8430458e-01
 -2.7222791e-01
 -1.7705952e-01
 -8.9687383e-01
 -1.8519152e+00
 -9.5480680e-01
 -3.9143625e-01
  1.2181106e+00
 -1.4928187e+00
 -1.6270757e-02
  4.1026324e-01
  1.1770779e+00
 -7.0001245e-01
 -8.3518052e-01
 -5.1950502e-01
  5.1542455e-01
  1.4699656e+00
  8.6278468e-02
  4.1313621e-01
  8.0963999e-01
  1.3759776e+00
  1.8141644e-01
  2.2732370e+00
  6.6424298e-01
 -6.6729337e-02
 -7.5581712e-01
  2.6103330e+00
  1.8019239e+00
 -9.7604239e-01
 -3.8202224e+00
 -1.1775812e-01
  4.8013967e-01
  8.9481729e-01
  3.6431253e-01
  2.8956333e-01
  3.1166099e-02
  2.4049752e+00
 -6.7903638e-01
  6.0390282e+00
 -4.2077032e-01
  2.1707766e+00
 -9.1176516e-01
 -4.9316788e-01
  1.0367358e+00
 -2.6111710e+00
  4.0684383e-02
  1.3968726e+00
 -2.6949804e+00
 -5.2270174e-01
  9.3909174e-01
 -5.9905231e-01
 -9.3219572e-01
 -1.3266764e+00
 -1.8446257e+00
 -2.2805989e-01
 -2.5019076e-01
 -9.0227729e-01
  6.5861976e-01
 -7.7027529e-01
  4.3514046e-01
 -1.3178416e-01
  4.2850769e-01
  1.5122645e+00
  1.8898416e+00
  2.0302055e+00
  3.6395185e+00
 -1.2316040e+00
  2.6131780e+00
  5.0713456e-01
  3.5010883e-01
 -6.8581271e-01
  4.6257800e-01
  1.0781603e+00
  5.3471601e-01
  2.9908931e+00
 -1.5132217e-01
 -1.4566515e-01
  1.3228791e+00
  7.0376277e-01
 -6.0550749e-01
 -5.7936537e-01
  3.6471522e+00
  2.5269976e+00
  1.8830278e+00
 -1.7084447e+00
 -1.1040411e+00
  3.2541418e-01
 -5.2566963e-01
  5.4406035e-01
 -7.9264772e-01
  6.3435292e-01
  6.5398937e-01
  9.6717805e-01
 -9.0866756e-01
 -1.0371801e+00
  4.9151793e-01
  3.4994751e-01
  1.3825005e+00
  1.7921779e-01
  6.8966579e-01
  3.5253999e-01
  1.4430046e+00
  9.2177033e-01
  6.1186332e-02
 -2.4117618e+00
 -1.3311868e+00
  2.2780786e-01
  5.5856055e-01
  4.9194521e-01
 -2.4481199e+00
 -2.6223867e+00
  1.1439383e+00
 -3.0290490e-01
 -5.5251288e-01
 -3.4145701e-01
  1.9013009e+00
 -1.6015139e+00
  6.3305259e-01
 -2.3510556e+00
  2.2478715e-01
 -3.0562736e-02
  1.1940086e+00
  1.5201147e+00
 -7.8506097e-02
  5.6207553e-02
 -1.8762527e-02
 -2.0558507e+00
  5.9213257e+00
  1.5925297e+00
 -1.0635183e+00
 -4.6599898e+00
 -2.8682101e+00
 -2.5144273e-01
  4.8907217e-01
 -9.7159064e-01
 -9.0098780e-01
 -1.3430169e-01
  1.4079168e+00
 -2.4305556e+00
  7.2128361e-01
 -1.0136921e+00
 -2.5291726e-02
  5.2760208e-01
 -1.8168802e+00
  1.9544648e+00
 -2.1770458e+00
  1.0451925e+00
 -6.8927214e-02
 -6.0024220e-01
  7.4803144e-01
 -2.0019665e+00
  1.2336549e+00
 -6.3874459e-01
  1.0337229e+00
  2.7460601e-02
  3.3456746e-01
  7.9093814e-01
 -3.9459664e-02
  1.7418478e+00
 -7.1647424e-01
  1.4047515e+00
 -3.4770682e-01
  5.8736420e-01
  5.2494127e-01
  2.9923859e-01
  9.4593501e-01
 -1.3922836e-01
  1.1353027e+00
  3.8418514e-01
 -8.3117306e-02
  1.7009154e-01
  7.0418042e-01
 -9.3390334e-01
  2.7688217e-01
  9.7429156e-01
 -2.9173017e-01
  5.1672322e-01
  6.1742753e-01
  3.0975193e-01
  1.0273375e-01
  7.4197096e-01
 -7.7295858e-01
  2.4301004e-01
  3.4981743e-03
  3.4981743e-03
  3.4981743e-03
  3.4981743e-03
  3.4981743e-03
  3.4981743e-03
  3.4981743e-03
  9.8915966e-03
  9.8915966e-03
  9.8915966e-03
  9.8915966e-03
  9.8915966e-03
  9.8915966e-03
  9.8915966e-03
  5.3488915e-03
  5.3488915e-03
  5.3488915e-03
  5.3488915e-03
  5.3488915e-03
  5.3488915e-03
  5.3488915e-03
  5.3047435e-03
  5.3047435e-03
  5.3047435e-03
  5.3047435e-03
  5.3047435e-03
  5.3047435e-03
  5.3047435e-03
  3.6025236e-03
  3.6025236e-03
  3.6025236e-03
  3.6025236e-03
  3.6025236e-03
  3.6025236e-03
  3.6025236e-03
  1.4487143e-03
  1.4487143e-03
  1.4487143e-03
  1.4487143e-03
  1.4487143e-03
  1.4487143e-03
  1.4487143e-03
