nep4_zbl 3 Mg O H 
zbl 0.8 1.6
cutoff 6.5 4 323 78
n_max 6 6
basis_size 8 8
l_max 4 2 0
ANN 50 0
 -1.6419002e+00
 -7.4318774e-02
 -1.5789929e-01
 -1.1552775e-03
 -3.7744600e-01
 -2.8412631e-01
 -1.9788662e-01
  1.9131035e-01
 -4.6941403e-02
  1.0925590e-01
 -1.2906669e-01
  8.8604170e-01
  4.0116239e-01
  1.6949941e+00
  1.2225369e-01
 -2.2708957e-01
  4.1112453e-01
 -7.2552812e-01
 -1.2844716e-01
  4.6241235e-02
  1.6144206e-01
 -1.9314814e-01
 -1.9402972e-01
  3.2575391e-02
  1.1128528e-01
  2.8105125e-02
  6.9445199e-03
 -1.8854303e-02
 -1.0490524e-01
 -1.5274005e-01
  2.5069782e-01
 -6.8457257e-03
  1.3907063e-01
  7.7229366e-02
 -8.8422388e-01
  1.5560790e-03
  3.5680687e-01
 -1.1211377e-01
  9.7900055e-02
  1.6154306e+00
 -1.8258294e-01
 -1.3097308e-02
 -1.8580571e-01
 -1.3661662e+00
  3.1089959e-01
 -4.4892747e-02
  5.5799699e-01
  6.3254446e-02
  3.4635615e+00
  4.4501385e-01
  4.7907665e-02
  7.0764452e-02
 -1.0930882e-01
  3.2830354e-02
 -1.4924084e-01
 -8.9277178e-02
  1.5758550e+00
  6.8008915e-02
 -2.4107192e-02
  1.4497566e-01
  2.5943783e-01
 -1.2406661e-01
 -6.4720504e-02
  1.2477820e-01
  5.3762719e-02
 -4.4152584e-02
  1.4403065e+00
  7.6263405e-02
  1.8174143e-01
  8.9178050e-01
 -7.0899889e-02
 -4.8731863e-01
  2.2420169e-01
  1.3359317e-01
  2.6701823e-01
 -5.0779861e-01
 -1.2676148e-01
 -3.3992487e-01
 -1.0031536e-01
 -4.4295274e-02
 -2.1813767e-01
  1.5108080e+00
 -1.9363946e-01
  1.0077938e-01
  1.7275615e-01
 -1.1378786e-02
  2.3104432e-01
  8.9786142e-01
  2.2474902e+00
 -2.8986399e+00
  6.7446798e-01
  2.8275704e-01
  5.9628916e-01
  1.4638388e-01
 -8.3874732e-02
  7.8149647e-02
  3.3599567e-02
 -1.3328223e-01
  8.4487453e-02
  4.7332171e-01
 -1.3850541e-01
 -4.1112038e-01
 -2.5437805e-01
  5.0465864e-01
 -1.6972961e+00
  2.9493380e-01
 -6.7861401e-02
  1.3096054e-01
  2.5231567e-01
 -2.9001784e-02
  2.9137719e-01
  4.1915726e-02
 -3.9309290e-01
 -4.0087686e-03
 -7.1228248e-01
  6.7349046e-01
 -1.3322978e+00
  1.6510960e+00
  1.8852737e+00
 -2.2716002e-01
  2.0733304e-02
  1.0506100e-01
 -6.0009364e-02
 -2.7257275e-02
 -2.0124322e-02
  1.4131662e-01
  4.1357629e-02
  1.1183935e-01
  1.2156786e-01
  2.1439682e-01
 -1.7754465e-01
  7.2590075e-02
  3.6056746e-02
 -1.3600762e-02
 -1.9579828e-01
 -9.5953542e-01
 -9.5305823e-02
  1.8960021e-01
 -2.2038903e+00
  1.3332947e-01
 -3.3822883e-02
  1.0146192e+00
 -1.8508247e-01
 -3.9791408e-01
 -1.7466985e-02
  1.8392536e-01
 -3.6906108e-01
 -1.3989148e-01
  3.9517054e-01
 -8.8647805e-02
 -1.1583095e-02
 -1.3024253e-01
  9.9699952e-02
  1.6620860e-01
  1.5264659e-01
 -9.8629430e-02
  5.3767893e-02
 -1.4308633e-02
 -1.4845605e-01
 -2.2267746e-02
  1.3450944e-01
  8.9297557e-01
  5.0462800e-01
 -8.6241357e-02
  7.1436793e-01
  9.6234828e-02
  1.0824327e+00
 -8.5656680e-03
 -1.3015337e+00
  2.0012650e+00
 -1.2749695e+00
  1.8180324e-01
  1.1101089e+00
  2.7153805e-01
  1.4179424e+00
  5.6377813e-02
 -1.4998846e-01
  2.8027673e+00
  2.2784526e+00
 -1.0538912e-01
  4.4583783e-02
  1.2658471e-01
 -3.5469517e-01
 -7.7246420e-02
 -2.8544024e-02
 -1.8209073e-01
 -3.2630557e-01
 -5.6331080e-01
  2.4935050e-01
 -6.2118036e-01
 -3.9987344e-01
  3.4728099e-02
 -8.7478721e-01
  1.3982685e-01
 -3.0558395e-01
  5.3379256e-02
  4.4390161e-02
  1.0955772e-01
 -5.4176593e-01
 -1.8173816e-02
 -1.0033382e-01
  1.3505947e-02
  7.6142257e-01
  4.3932173e-02
  4.7753835e-03
 -2.3328021e-02
 -1.1286940e-01
 -5.0874329e-01
  1.6918023e-01
  2.3555426e-01
  2.1820311e-02
 -2.3799138e-02
 -1.3972183e-01
  2.2175169e-02
 -2.8916177e-01
  1.8723978e-01
  1.2540312e-01
  1.2147046e-01
 -2.1112092e-02
  4.9970403e-02
 -7.9577282e-02
 -2.0537573e-01
 -2.8650356e-02
 -2.2448316e-02
 -1.2601004e+00
  2.3121620e-02
 -7.7928595e-02
  6.5669626e-02
 -1.0947657e-01
  1.3877620e-01
 -3.6708024e-01
 -1.5001236e-01
  4.1202925e-02
  6.4673327e-02
 -1.3255934e-01
  2.4629328e-06
  1.8320879e-02
  6.4633286e-01
 -1.3208818e-01
 -3.4191263e-01
 -4.5540695e+00
  1.9450122e-01
  1.0752608e-01
  4.3899983e-01
 -4.0996902e-02
  4.8620903e-01
  8.0297343e-02
  1.5185146e-01
  4.2784359e-02
  4.6351630e-02
 -4.6690606e-02
  1.2466140e-01
  9.3423045e-01
  2.7624328e+00
 -1.5595589e+00
  1.2943875e+00
  4.4791773e-01
 -1.2320534e+00
 -9.9287786e-02
  1.2349587e-01
  7.1238995e-02
  3.1408620e-01
 -4.2825893e-02
 -8.8923089e-02
 -1.6471423e-02
 -1.0534124e+00
 -6.6769645e-02
  1.3335805e-01
  7.5822526e-01
  8.4880126e-01
 -7.8016236e-02
 -1.0896522e-01
 -2.3462156e-02
  7.5344545e-01
  3.2870075e-01
  4.3543920e-01
 -5.2673256e-01
  1.3102794e-01
 -1.2260535e-01
  6.8443620e-01
  1.5952866e-01
  1.1593344e-02
  5.9265637e-01
 -1.4806643e+00
 -1.1099783e-01
  2.0357099e-01
 -3.1075478e-01
  2.3099564e-01
  6.2349889e-02
 -1.0211147e-01
  8.3791442e-02
  1.2326285e-02
  3.0919608e-01
 -2.6279372e-01
  3.7190411e+00
 -1.3413593e+00
  2.1234922e-01
  3.4917757e-02
 -1.7683256e-01
 -2.7969222e+00
 -6.5496467e-02
  5.6780085e-02
  1.7706448e-01
  2.7049261e-01
  4.3012630e-02
 -1.2033130e-01
  8.1795596e-02
  6.2235904e-01
 -3.0906159e-02
  3.3308324e-01
 -7.7760369e-02
 -8.6271811e-01
 -8.4050542e-01
  4.7770724e-02
 -1.6372435e-02
 -2.5561512e-01
  2.5725892e-01
  3.8817677e-01
 -7.2559047e-01
  2.8781646e-01
  3.6450946e-01
  2.3028189e-01
 -1.7085414e-01
  4.4465926e-03
 -4.8979753e-01
  4.5095544e-02
  2.8815994e-01
 -1.8495612e-01
  2.2888425e-01
 -7.9699559e-03
 -8.4994368e-02
  5.5523556e-02
  1.5553987e-01
  2.7317248e-04
 -3.8691469e-02
  2.2145729e+00
  6.9569862e-01
  2.5593557e+00
  1.4179953e+00
 -6.4643848e-01
  3.4307355e-01
 -3.6207134e-01
  2.6639636e+00
 -3.1210303e-02
 -2.8857460e-02
 -1.2972213e-01
  5.0096661e-01
 -1.5396149e+00
  2.5909564e-01
  6.9050402e-03
 -3.6422652e-01
 -3.2440186e-01
 -8.9377627e-02
 -4.6942562e-01
  3.1588208e-02
 -1.7723145e-01
  4.9880624e+00
 -5.2083242e-01
 -2.5411297e-02
  2.3257214e-01
 -9.7433740e-01
 -2.8206076e-02
 -1.2500476e-02
  2.8954461e-01
 -5.1027113e-01
 -1.9627582e-01
  3.4559950e-01
 -3.2077336e-01
 -8.9519322e-03
 -2.3354767e-01
 -2.5924642e-02
  1.5330891e-01
  1.1409158e-01
  1.5716656e-01
  2.9890966e-01
 -5.7744011e-02
 -4.1143909e-02
  1.1396240e-01
  5.2622968e-01
  5.1657498e-02
  3.9697543e-02
 -2.3841422e-02
  4.5337552e-01
  1.2521473e-02
  1.4972140e+00
  1.7747576e+00
 -1.3113831e-01
  1.3578858e-02
 -4.4287407e-01
 -8.9226335e-02
  2.8055823e-01
 -6.8786868e-04
  1.1753843e-01
 -1.3573496e-01
 -8.0009364e-02
  6.2357968e-01
 -1.3778381e-01
  7.2651613e-01
 -1.7869996e+00
 -5.4625634e-02
  2.3028286e-01
  5.5125669e-02
 -3.6424492e-02
 -7.8250803e-02
 -1.5699379e-01
 -2.6845087e-03
  9.1117926e-02
 -8.0082488e-01
 -3.7440982e-01
  1.9857436e-01
  4.0203515e-02
 -3.9068389e-01
 -1.9171250e-01
 -1.5087572e-01
 -6.7612283e-02
 -2.3913796e-01
 -3.6885774e-01
 -6.4641690e-01
  1.4335874e-02
 -9.6043855e-01
 -9.2709970e-01
 -1.6414472e+00
  1.5373695e+00
  9.0552711e-01
  2.1295670e-01
  4.5253541e-02
  4.9723477e+00
 -7.6045297e-02
 -5.2632190e-02
  1.1317354e-01
 -6.3250870e-02
  6.5210149e-02
 -1.2986943e+00
  4.6701357e-01
  2.0904693e-01
  7.2711091e-03
 -5.5792892e-01
 -2.0940957e+00
 -1.1444157e-01
 -7.1606249e-02
 -1.0869833e-01
  6.3894264e-02
  7.6107983e-03
  9.3972355e-01
  4.9632734e-01
 -8.1362896e-02
 -1.3394709e-01
  1.7710887e-02
  2.4070308e-02
 -6.5206254e-01
  2.3368348e-01
 -7.0345722e-02
  6.9982988e-01
 -5.8954066e-01
 -5.0392729e-01
  7.2640616e-01
 -2.5041375e-01
  4.3413579e-02
 -9.5472425e-02
 -1.5978171e-01
 -7.0447750e-02
 -4.1723889e-03
  8.7821901e-01
  2.2084048e+00
 -2.8368074e-01
  1.1085454e+00
 -9.5094919e-01
 -4.9401253e-01
  1.5310812e+00
 -2.7215941e-02
  2.2473836e-01
  1.2077743e-01
  3.3559486e-02
  5.1053858e-01
 -8.7490998e-02
  3.4193650e-01
 -2.0519658e-03
 -3.7140754e-01
  1.3990638e-01
  2.8500043e-02
  1.1393635e+00
 -1.9925764e-01
 -8.5212134e-02
  3.1650460e-01
 -3.9458230e-01
 -4.6219629e-01
  1.1573322e-01
  1.9646725e-02
 -1.2257611e+00
  8.2027748e-02
  1.5471737e+00
 -4.7288392e-02
  3.1842425e+00
  4.1658837e-01
 -5.9724685e-02
  3.8950586e-01
  3.3260158e-01
 -5.0570197e-02
  2.9125068e-01
 -5.3850200e-02
 -7.0459358e-02
 -2.4379462e-02
  1.1266950e-01
 -2.3390443e+00
 -4.1364703e+00
  2.6474941e-01
 -8.3633786e-01
  2.8281403e+00
  8.2738227e-01
  6.4158946e-02
  3.3601360e+00
  3.6670506e-02
 -7.3042858e-01
 -1.1117575e+00
 -6.2755263e-01
  5.2805132e-01
 -2.2599001e+00
  2.2529495e+00
  3.6736470e-01
 -4.2968374e-01
 -9.4454825e-01
 -6.4126778e-01
  1.2787363e-01
  7.9081285e-01
  1.4428232e+00
  2.4152977e+00
 -3.1773013e-01
 -1.0599504e+00
  1.4372394e+00
 -6.3726616e-01
  1.0535523e+00
  5.8891857e-01
 -5.6091756e-01
 -4.6517365e-02
 -6.5241361e-01
  5.5333614e-01
  1.3398427e+00
 -5.0999276e-02
 -1.8831231e-02
  2.6535034e-01
 -1.3700780e-01
  7.1176827e-02
 -2.3888510e-02
 -4.4096142e-02
  7.3986024e-02
  1.3691646e-01
  7.5469039e-02
 -4.3251228e-01
  6.7625553e-03
 -5.7584457e-02
 -5.2557826e-01
 -2.5397554e-01
  5.6539018e-02
  1.2132615e-02
 -1.2331262e+00
  2.0817895e-01
  2.0709848e-01
  4.3284634e-01
 -1.2599526e-01
  1.4443482e-01
 -1.1320119e-01
  2.2279425e-01
  5.7639044e-02
  1.7746505e+00
 -1.2833603e-02
 -3.0078760e-01
  5.1138186e-01
 -9.2601985e-02
 -3.4234253e-01
 -2.2270454e-02
  1.3395692e-02
  1.3212085e-01
 -9.0454355e-02
  1.0713662e+00
  4.2549938e-02
  1.7241377e-01
 -1.0179236e+00
 -1.4578104e-01
  3.8169267e+00
  3.4859959e-02
  4.3196443e-02
 -1.5480511e-01
  1.4215556e-01
  2.6005501e-01
 -5.7594144e-01
  1.7101264e-01
  1.7915682e-01
 -3.3702919e-01
  3.1297130e-03
 -1.2069449e-01
 -1.3514161e-01
 -7.1562983e-02
 -2.6484337e-01
 -3.1576279e-01
  6.3363478e-02
  4.8362163e-01
 -2.5936551e-02
 -4.3428150e-01
  5.1239359e-01
 -1.3835116e-01
 -4.3339707e-02
  2.7297786e-01
 -1.1774358e-01
  1.6903754e-01
  1.0867534e-01
 -9.5121369e-02
 -2.0796748e-01
  3.4420288e-01
  1.8834484e-01
  1.6351871e-01
  2.2109857e-02
  2.9805288e-01
 -2.4616060e-01
  1.2562820e-01
 -3.8099371e-02
  1.3844090e+00
  7.7247150e-02
  5.0699670e-02
 -2.2124925e-01
 -1.4054650e-02
  1.2036032e-03
 -1.1187773e+00
  3.4123111e-01
 -4.6986789e-02
 -4.9519569e-02
 -8.4036715e-02
 -2.3724030e-01
 -3.1965590e-01
 -8.9973047e-02
  1.1081894e-01
 -1.4730451e-01
 -4.3132965e-02
 -1.0031865e+00
 -4.2736834e-01
 -1.4004220e-01
 -4.0366586e-02
  4.2939737e-02
 -5.5495456e-02
  1.4103299e-01
  2.1846828e+00
  6.4297609e-02
 -5.9062604e-02
 -2.3870034e-02
  2.4437530e-03
 -1.7977531e-01
  1.2202700e-01
 -5.1272396e-02
  1.3915013e-01
  1.2722480e-01
  2.7377404e-02
 -6.2210518e-01
 -4.3145429e-02
  3.7720889e-01
 -1.6759062e-01
  2.4075636e-01
  1.2041782e-01
  7.2782588e-01
 -2.7186666e-02
  2.7972674e-01
 -3.2830153e-02
 -2.8357219e-03
  6.1806388e-02
  3.0348883e-03
  8.2252910e-03
  3.3503428e+00
  1.8001474e+00
  2.3992345e-02
 -4.9652532e-02
 -1.3612929e-02
  6.2744629e-01
  2.4688404e-02
 -2.1975448e+00
  2.0484582e-01
 -1.7782179e+00
 -8.1304632e-02
  1.6733745e-02
  1.1790928e+00
 -6.3869052e-02
  1.7317209e+00
 -3.4654636e-02
 -1.2611538e-01
 -9.4715014e-02
 -1.8106386e-02
  5.5192649e-01
  8.9612938e-03
 -7.1148083e-02
 -4.8314724e-02
  1.6968293e-01
  1.0044827e-01
  6.2643260e-02
 -4.4408493e-02
 -4.8411459e-02
  5.1182766e-02
  4.1609373e-02
 -3.9535091e+00
 -1.4205045e-01
 -1.2591490e-01
  6.7851758e-01
  1.5420809e+00
 -2.0580961e-01
  1.5557295e-01
  4.1065483e+00
  1.0157245e+00
 -8.6511910e-02
  3.0345798e-01
  1.6236231e-01
  1.5578048e-01
  2.4543625e-01
 -8.9014985e-02
 -1.9977097e-03
 -2.3387283e-01
  4.8752576e-02
 -8.6385742e-02
  3.0693528e-01
 -5.4111278e-01
 -7.6437521e-01
 -8.3823478e-01
  8.4635401e-01
 -4.1137660e-01
  2.7176371e+00
  1.0621973e+00
 -3.1923417e-02
 -3.9606974e-01
  7.4794316e-01
 -7.1400031e-04
  2.8988767e-01
 -1.3475819e+00
  7.8515057e-04
  3.7205137e-02
  6.6414453e-02
  1.7296396e-01
 -2.1266073e-02
  6.6752550e-03
 -1.7661785e-01
 -1.9996825e-01
  3.7958084e-03
  4.6687713e-01
  4.3789409e-02
  2.6188317e-01
  3.4804332e-01
  9.0149038e-02
  5.9759611e-01
  4.6610497e-02
  6.2500961e-02
  4.0899795e-01
  1.9681965e-01
  4.5997971e-01
 -4.9379590e-01
  3.6623798e-02
  1.4526492e+00
  3.7168486e+00
  1.4804623e-01
  3.7561281e+00
  2.2322705e-01
  5.5859037e-02
  8.5048437e-02
 -4.4596615e+00
 -7.9621625e-01
 -2.0187391e-01
 -2.1970823e+00
 -6.3745812e-02
  1.4052199e+00
 -1.6827550e+00
 -2.2015523e-02
 -2.7205172e-01
  5.1859915e-02
  5.6153473e-02
 -1.7987484e+00
  2.6037505e-02
  2.9350600e-01
 -1.6062958e-02
 -2.6474342e+00
 -4.4752054e-02
  3.2552308e-01
  3.7887327e-02
  5.4697170e+00
 -1.1516839e-01
  6.7849420e-02
 -1.6898832e-01
  4.4514954e-02
 -2.7720728e-03
 -3.5769483e-01
 -1.3635211e-01
 -1.0003253e+00
  2.5290978e-01
 -3.0290874e-02
  8.1686056e-01
  1.3190918e-02
 -1.2015176e+00
  8.0577664e-02
  8.4675364e-02
 -2.1582232e-01
 -6.3134767e-02
  1.6886877e-01
  3.3729801e+00
  1.1124282e-01
 -7.3852457e-02
  2.6891040e-02
  4.9337391e-03
  3.8928670e-01
  5.2925086e-01
  4.7822397e-02
  4.0587634e-02
  1.4136584e-01
 -3.2335958e+00
 -8.2301475e-02
  1.0053853e-01
 -3.7810665e-01
 -5.6794517e-02
 -6.6809841e-02
 -1.1063788e-01
  4.5499820e-02
 -3.3099881e-01
 -3.4818329e-02
 -1.6771406e-01
  1.6448576e+00
  8.3497435e-02
  9.6844874e-02
 -1.4178614e-01
  2.0935740e+00
  3.3785725e-01
  5.1797234e-02
 -1.5175022e-01
 -1.0942328e-02
 -1.2355999e-01
  6.5674661e-03
  4.5712063e-01
  3.2921797e-01
 -2.2145882e-01
 -6.1622143e-01
 -3.6220101e-03
  1.6149547e-02
  8.5558079e-02
  3.7121418e+00
  3.0321099e-03
  7.8352407e-02
  5.9889536e-02
  2.2024079e-01
 -5.1293056e-02
 -1.0178523e-02
 -4.9463499e-02
  9.0807341e-02
 -2.0539634e+00
 -3.1155968e-01
  2.2888835e-01
  2.6382867e-01
 -8.8496037e-02
  1.1231371e-01
 -2.6761988e-02
  1.6273262e-01
  1.3806224e-01
  4.9824655e-02
 -1.2676387e-01
  3.1116910e-03
  5.7222784e-02
 -1.4976537e-01
  1.3810594e-01
  3.5128523e-02
  4.2557023e-02
  1.2246054e-01
 -1.3999431e-01
  4.6976656e-02
 -2.4870738e-01
  1.7416520e+00
 -1.9535124e-01
 -1.4327277e-01
  5.9146637e-01
  7.2865993e-02
  2.4637729e-02
  2.4057077e-01
 -2.5059000e-02
 -4.7441769e-02
  3.2693741e-01
 -4.9300883e-02
  2.3556142e-01
 -3.4606409e-01
  2.4654260e-01
  7.8613348e-02
 -7.3112473e-02
  6.0817529e-02
  2.4200878e-01
 -3.4791186e-02
  1.8376601e+00
 -3.4661591e-02
  4.6730411e-01
  1.3877645e-01
 -6.9638664e-01
 -8.5356796e-01
  1.2290792e-02
 -2.3902938e-01
 -1.8205619e-01
  7.0205927e-02
  3.1579223e-01
  1.3216327e-01
 -2.2030081e-01
  1.2140996e-02
  2.5912393e-02
  2.1850209e+00
  1.5839382e-01
 -8.9560881e-02
 -5.3008430e-02
  1.0532531e+00
  1.9752719e+00
  2.0038456e-02
  1.6824993e-01
  5.1068610e-01
  1.5573137e-01
  4.5789026e-02
 -1.3180818e-01
 -1.0740515e-01
  2.6955485e-02
  9.8683186e-02
  6.5021133e-01
 -5.8333206e-01
  1.3122883e-01
 -1.7554401e-01
  6.4328194e-02
 -1.2682692e+00
 -2.0102119e-02
  5.9839930e-02
 -2.8402609e-04
 -2.8862428e-02
  4.4353113e-01
  6.0546961e-02
  3.4002426e+00
 -3.0371282e+00
 -8.8791162e-01
  5.8221203e-01
 -1.0658798e+00
  1.3615432e+00
  3.0988231e+00
  8.8580781e-01
  1.4571446e-01
 -1.1709945e+00
  5.0100917e-01
 -4.6349667e-02
  3.1112216e+00
  5.1502973e-01
  6.5823215e-01
  1.0817630e+00
  4.0039536e-02
  4.1852921e-01
 -1.4745802e-01
  9.6986316e-02
  3.9448065e-01
  8.5038900e-01
 -5.1009613e-01
  1.9560544e+00
  1.0059028e+00
 -4.2757314e-02
 -4.0250469e-02
 -1.2985895e+00
  8.0542833e-01
  9.2823428e-01
  2.7625353e+00
 -3.0359888e-01
  1.3836692e-01
  2.3938242e-01
 -5.1120248e-02
  1.0216692e-01
 -2.0880382e-01
  7.7621067e-01
  2.2358502e-01
 -2.9373941e-01
  2.2936368e-02
  2.6202041e-01
  1.4185025e-01
  1.2466899e-01
  1.0289166e+00
 -2.1128292e-01
  6.7353956e-03
 -2.6997024e-01
  1.9102980e-01
 -5.2442658e-01
  8.2105026e-02
 -1.6609322e-01
 -1.6117264e-01
 -3.1329019e+00
 -4.1988574e-02
 -5.2432817e-01
  2.7403873e-01
  1.1512952e-02
  2.3496269e-01
 -3.4371563e-03
 -1.1249168e-01
 -1.6385886e-01
 -7.6397084e-02
  2.5214838e-02
 -1.5113232e+00
 -2.2921057e+00
 -2.1510307e-01
  1.2066588e+00
 -1.3007051e-01
 -1.4008932e-01
 -1.5846254e-01
  1.7975919e-02
 -2.0717646e-01
  5.1539886e-01
 -2.2360113e-01
  4.0999625e-02
 -2.3758262e-02
  2.4336711e-02
  4.4493112e-01
 -3.4844413e-01
 -1.3768307e-02
  1.1482369e+00
  6.3834302e-02
  4.9265616e-02
 -7.8938842e-01
  6.3379198e-02
 -2.2017006e-02
  4.8016151e-03
  3.0757949e-01
 -7.7242018e-03
 -1.7793937e-01
 -1.0686087e-01
 -9.3248464e-02
  1.7006208e-01
  4.8078675e-02
  1.4161178e-01
  8.1473375e-03
  1.8703677e-01
  9.3096808e-02
  2.3421647e-02
  2.4955558e-02
 -4.2189613e-01
 -3.8020685e-02
  2.9438948e-03
 -2.6688971e-02
 -2.7105853e-01
  3.0297665e-02
 -2.8115919e-02
 -3.8939107e-02
  3.2260906e-02
  1.9780798e-01
  4.9712572e-02
 -8.8405320e-03
 -1.1205240e+00
  6.9308870e-02
  1.0669524e-01
  6.4189355e-03
 -2.0027089e-01
 -4.2241681e-01
 -2.0966775e+00
 -6.3911724e-01
  1.2664138e-01
 -5.9813333e-01
  1.0194409e+00
  7.8074589e-02
  2.4706204e-01
 -1.1414489e-01
  7.0119232e-02
 -2.5349219e+00
 -1.0097790e-01
  3.4597915e-02
 -2.7814284e-01
  3.5535157e+00
 -2.9866886e-01
  1.1849358e-01
  5.1097561e-02
 -1.0551590e-01
 -3.1510804e-02
 -9.3683368e-01
  5.4008561e-01
  1.0636825e-01
  3.5100552e-01
 -1.0804685e-01
 -2.3522642e-02
  1.5264534e-03
 -2.2494648e+00
 -1.1449390e-01
 -1.5715510e-01
  5.4375494e-01
  1.1139868e-01
  9.9112499e-01
 -8.1846349e-02
 -4.1092822e-01
  4.1110292e-01
  4.5739166e-02
 -1.9322184e-01
  3.0314973e-01
  1.9064449e+00
 -2.9219147e-02
  2.6649855e-02
 -3.7679273e-01
 -3.0045259e-01
  7.9466373e-02
 -1.8132196e-01
 -1.0409506e-01
 -2.2390787e-02
  1.7605264e-01
 -3.1601641e-02
 -2.1529934e-01
 -3.3534554e-01
 -7.0762920e-01
  5.5674684e-01
 -4.0931091e-01
  2.2290349e-02
 -2.5262743e-01
  4.5342245e-03
 -1.1413362e-01
 -1.6508056e-01
  2.2794358e-01
 -3.1237027e-01
 -2.2224892e-02
 -1.7253785e+00
 -2.9355317e-01
  3.8595870e-01
 -3.1144190e-01
 -7.3696989e-01
 -2.2674900e-01
 -9.6495915e-03
  1.3144897e-01
 -1.0617710e-01
 -6.1482321e-02
  7.4482657e-02
  4.6458384e-01
  1.0376838e-01
 -1.1615010e-01
  1.7296383e-01
  1.0263808e-01
  2.8980467e+00
  2.6568851e-01
  2.1518078e-01
  3.6563698e-02
  7.2680742e-02
  8.2354195e-02
 -5.6320578e-02
  2.1561551e+00
 -3.3710551e-02
  4.9410544e-02
  1.7605950e-01
  1.2040377e+00
 -7.4632019e-02
  7.5753903e-01
 -1.4093831e+00
 -1.2507972e+00
  1.0098145e-01
  6.5564203e-01
 -4.2942200e+00
 -1.9454579e+00
 -3.7813184e-01
  2.2158316e-01
 -4.4900668e-03
  9.5951324e-03
  1.0566871e+00
  5.9815429e-02
 -5.0234306e-01
 -2.4606206e-03
 -1.3597771e-02
 -3.3541629e-01
  1.0244637e-01
  1.3737546e+00
  1.1781000e+00
 -3.6913025e-01
 -7.8400664e-02
  6.7870378e-01
  8.8993564e-02
 -2.9407567e-01
  2.6441631e+00
  7.0692962e-01
  3.1184906e-02
  1.8718943e-02
 -6.0185885e-01
 -4.7890466e-01
 -3.5213757e+00
  1.2553434e+00
 -9.7866422e-01
  1.6730048e-01
 -6.9430023e-02
  9.2722483e-02
  2.3711579e-02
  9.7699797e-01
 -2.1138182e-01
  3.9344203e-02
  1.3683678e-02
  4.0722761e-01
  4.2270713e+00
 -4.1084905e+00
 -6.9713151e-01
 -8.6388040e-01
 -1.6146439e+00
  2.3947248e+00
 -6.9087945e-02
 -3.0401781e-01
  3.4795830e-01
 -1.5830343e+00
 -8.0128187e-01
 -6.2242329e-01
  1.8505326e-01
  1.9058815e-01
 -9.6668005e-01
 -3.1753621e+00
 -4.5197701e+00
  1.1112479e+00
 -1.6257522e+00
 -2.1851182e+00
  1.4640846e+00
 -1.7713108e+00
 -1.5332215e+00
  1.1359614e-01
 -1.1293176e+00
 -5.7270378e-01
 -7.1231216e-02
 -1.1119531e+00
  2.7810693e+00
  1.2870709e+00
  1.0738455e-02
 -2.0778553e+00
 -5.8461434e-01
  1.9541299e+00
  5.1677186e-02
 -1.1854474e-01
 -4.2322779e-01
  7.4370098e-01
  2.0906530e-01
  2.3413503e-01
 -4.6919769e-01
  5.0681591e-01
  1.0481953e-01
  1.4144091e-01
  3.3562591e+00
  1.2958598e+00
  5.2056164e-01
  2.9664927e+00
 -5.8820105e-01
  1.6436809e-01
  4.7942467e-02
 -2.5526598e-01
  6.1734164e-01
 -1.9948667e+00
 -1.0685083e-01
 -9.8057193e-01
 -2.4589479e-02
 -1.7941201e+00
 -1.3149376e-01
 -6.4109531e-03
 -4.6024881e-02
  2.0342398e-02
  3.8647623e+00
 -3.5731125e-01
 -6.7507707e-02
 -4.8255917e-01
 -4.4058490e-01
 -4.3998325e-01
  9.7104996e-02
 -5.5363232e-01
 -3.5507661e-01
  2.2314382e-01
 -1.5662900e-01
  2.4298061e-02
 -1.1057767e+00
 -1.5665393e+00
 -8.6082153e-02
 -1.0811774e-01
  1.3895305e-01
  2.7117106e-01
 -6.0028248e-02
 -6.9971666e-02
  1.3860704e-01
 -2.0857401e+00
 -4.2807743e-01
  6.8465834e-03
  5.1416504e-01
  5.0353557e-01
 -2.1203437e-01
  5.2088213e-01
 -3.0307977e-03
 -1.0580041e-01
 -7.7359408e-02
 -3.4868831e-03
  2.4318658e-02
 -4.5689151e-02
  4.2374549e-04
 -1.0852389e-01
  3.3491352e-01
  3.8133240e-01
  4.2360399e-02
  1.0092547e-01
  3.2160483e-02
 -7.6352693e-02
 -7.5263577e-03
 -2.5282118e-01
  3.4588256e-01
  1.4808497e-01
 -1.0151278e-01
 -6.1048037e-01
 -7.2603733e-03
  1.2988669e-01
  2.4729891e-02
 -2.7791837e-02
 -1.7629044e-02
 -1.8762422e-01
 -1.6017964e+00
  1.0288587e-01
  2.7194163e-01
  4.6856906e-02
 -9.3049191e-02
 -1.0075401e-01
  1.2434158e-01
 -1.9733227e+00
  7.8694075e-02
  8.1044063e-02
 -1.2867652e+00
 -1.4808528e-01
 -1.9143033e+00
 -8.3884108e-01
  1.1533470e+00
 -3.9830081e+00
 -1.0770436e-01
 -2.7845948e+00
  6.1309684e-02
  1.3644959e+00
 -1.4766873e+00
 -1.0770509e-01
 -1.7465148e+00
  5.4639034e-02
 -9.0577014e-02
  6.2648922e-01
  1.6331830e+00
  2.3849781e+00
  1.8948495e-01
 -2.0440754e-01
  2.3797689e-02
  9.5884901e-01
 -6.7687851e-01
  4.0225032e-01
  2.5341446e+00
 -2.2220357e-01
  7.5914353e-01
 -8.1519336e-02
  2.8180406e+00
  2.5073450e+00
 -9.4389069e-01
  5.8094162e-01
 -1.8213286e+00
 -3.5271609e-01
 -4.3330871e-02
 -5.0532144e-02
  5.7536227e-01
 -4.5393459e-02
 -1.7911437e-01
 -1.1891766e-01
  2.9142460e-01
 -2.2335577e+00
  1.9409651e-02
  9.8564245e-02
  2.6068354e-01
  7.7210233e-02
 -1.9175762e-02
  1.6486782e-01
  2.1168050e-01
  1.3541292e-01
  2.2223645e-01
 -1.4858164e-01
  6.0562804e-02
 -2.1636627e+00
  7.6087993e-01
  7.1547285e-02
  1.0216139e-01
  6.9683433e-02
  4.7601295e-01
  1.2886328e-01
 -2.8427574e-01
 -8.4193125e-02
  2.8223135e-02
 -6.0388523e-01
 -3.7837662e-02
 -7.8927524e-02
  3.6374964e-02
  1.2125943e-01
  1.2405850e-01
 -7.4008596e-01
  5.4607376e-02
 -1.0164461e-01
 -9.4717979e-01
  1.0920984e-01
 -6.1417338e-02
 -1.1167057e-01
 -1.7047487e+00
 -6.6738568e-02
  3.5435274e-02
 -6.5109171e-02
 -8.2172388e-01
 -2.9770410e-02
  4.7525521e-02
 -5.9685063e-01
  4.9728146e-01
  1.8465908e-01
  2.7096629e-01
 -4.7062393e-02
  1.3357972e-01
  7.2748500e-01
 -2.3730189e-01
  2.2110239e-02
 -4.2757783e-02
 -4.8109245e-02
 -2.8507338e+00
 -7.4406364e-03
  1.8766710e-01
  6.8573996e-02
  1.7527704e+00
  2.2871152e-01
  1.2427648e-01
 -3.2383697e+00
 -6.7315154e-02
  1.2712800e-02
  5.2253544e-01
  3.8762563e-01
 -1.8677032e-01
  5.7811624e-01
 -1.6783287e-01
  3.3138715e-02
 -1.4875593e+00
 -2.3028871e-01
  1.9760050e-01
  7.7857383e-02
 -3.7155244e-02
 -8.4505953e-02
  5.6675900e-02
 -6.6348135e-02
 -1.2810305e-02
  9.1945447e-02
 -2.1776241e-01
  2.5712645e-01
 -3.0484237e-02
 -2.8744224e-01
  1.7126128e-01
  4.2905858e-01
 -1.1170532e+00
 -2.5874822e+00
 -3.5778279e+00
 -3.0287093e-01
  4.7993389e-01
 -3.7745910e+00
 -7.2975323e-02
 -1.3250275e-01
 -1.7710347e-01
 -2.0995022e-01
 -2.3907159e-02
 -1.5602230e-01
  3.2402042e-01
 -7.5211905e-02
  3.5323337e-01
 -3.0652025e-01
 -7.4084923e-02
  7.1106344e-01
 -1.7331882e-01
 -9.8123467e-03
  8.8844635e-03
  2.8795319e-02
 -7.0915908e-01
 -1.5841278e+00
  1.6477287e-03
  1.2391306e-01
 -9.6206017e-02
 -2.0629218e-02
 -3.5370696e-01
 -1.7921707e-01
 -5.8044434e-02
  1.9586420e-01
  1.7586044e+00
 -3.7281793e-02
 -4.4027281e-01
  1.5770231e-01
  2.1983173e-01
 -7.2095543e-02
  8.2411312e-02
  2.3483735e-02
 -1.3037751e-02
  9.4774777e-01
  4.5350354e-02
  2.8363639e-01
  8.0731279e-01
 -4.4243377e-01
  2.2901425e+00
  6.3844877e-01
  5.0936304e-02
 -1.4540207e-01
 -1.8799156e-01
 -7.7713624e-02
  8.6649768e-02
  7.5634897e-01
  3.4239998e+00
  3.0205790e-02
 -1.7207945e-02
  1.2316258e+00
  7.1355261e-02
  4.0078882e-02
  1.0727543e-01
  1.8774715e-01
 -8.1380449e-02
  4.7281083e-02
 -4.3678377e-02
 -1.4604042e-01
  2.5398707e-01
 -2.7798778e-01
 -4.5023319e-01
 -1.5881222e-01
  9.8932350e-01
  1.2439855e-01
 -1.5613026e-02
 -1.1389257e-02
 -3.7268072e-02
  1.7046171e-01
  9.7723305e-03
  1.0386821e-01
 -1.5746790e+00
  1.4505260e-01
 -3.8371827e-02
  7.7874631e-01
 -1.7007594e-01
  2.7066927e+00
  4.6214873e-01
  4.9220800e-01
 -1.1181422e+00
 -2.9176012e-01
  2.2647734e+00
 -4.1928258e+00
  6.1641961e-01
  4.2879514e-02
 -2.5949240e-01
 -8.1015028e-02
  1.3180857e+00
  2.7238944e+00
  1.6957253e-01
 -5.6724794e-02
  2.6069149e-01
 -6.6169083e-01
  4.2554870e-01
  9.8750150e-01
  1.0733123e+00
 -1.3107861e+00
  2.9313231e-01
 -7.0457146e-02
 -1.2720804e-01
 -3.0625799e-01
  3.5262854e+00
  2.5171852e-01
 -1.0249335e+00
  4.1849008e-01
  4.3731131e-02
 -1.2392949e-01
 -3.0227843e-01
  2.7124822e-01
 -2.3815462e-01
 -5.9273827e-01
 -3.2778946e-01
  3.3654687e-01
  1.4026985e-01
  1.6885351e-01
 -9.2069700e-02
  1.5841722e+00
  7.2645009e-02
 -1.3258419e+00
 -8.5345238e-02
 -3.4122634e-01
 -8.2058385e-02
  1.1414311e-01
  7.8914478e-02
  2.3906498e+00
  8.8547528e-02
 -1.9892515e-01
 -1.3877028e-02
 -1.1077377e+00
 -9.6370691e-01
 -4.7527453e-01
  3.4478620e-01
  7.9254903e-02
 -9.1144633e-01
  4.3000046e-02
 -3.8299885e-01
  1.6932434e-01
 -6.3824642e-01
  5.2803242e-01
 -1.5805972e+00
 -4.2267275e-01
  4.1813922e-01
 -7.6988451e-02
  2.6964169e+00
 -2.2507598e-01
 -1.6623428e-02
 -2.3625576e+00
 -1.2154539e+00
  1.1807765e-01
 -1.1819748e+00
 -4.0009670e-02
 -1.0573142e+00
 -1.6731951e+00
 -6.8657421e-02
  7.6997099e-03
 -1.2663804e-01
 -8.5577466e-02
 -6.8171926e-02
 -3.2971077e-02
  2.0313087e-01
 -2.7841628e-01
 -1.2608680e+00
 -2.7259524e+00
  2.3253446e-02
 -1.3088497e+00
 -4.6663389e-01
 -9.7589481e-01
 -5.4077905e-01
 -6.0067277e-02
  5.3873099e-02
  1.5055253e-01
 -1.7319728e+00
  1.2668876e-01
 -1.2013786e-01
 -1.5627825e-01
  2.7905257e-02
 -1.1955712e+00
  5.7132822e-01
  1.6410043e+00
 -3.1998268e-01
  1.5704380e+00
  3.5638870e-03
 -1.3802937e-01
  8.8199385e-02
  1.2147396e-01
  1.8304658e-01
  2.7927333e-01
  5.7730883e-01
  1.6975407e-01
 -1.1349624e-01
 -7.0390835e-02
  3.2093063e-01
  1.5449364e+00
  1.1912412e-01
 -3.0870210e-02
  8.6988109e-01
 -1.8146566e+00
  1.1861952e-01
 -1.6932575e-01
 -1.3676735e-02
 -1.3793461e-01
 -3.8527671e-02
  7.4824437e-02
  1.0520235e-01
  1.3746755e+00
 -1.1782417e-01
  1.2199273e+00
 -9.2583224e-02
  5.3704701e-02
 -3.0309725e-01
  2.9977083e-01
 -2.6031300e-01
 -5.5058736e-01
 -2.9370811e-02
  3.0535285e-03
  4.8199469e-01
 -7.9172361e-01
  4.9076125e-01
 -5.3124133e-02
 -9.2872059e-01
 -4.1969452e-02
 -1.9602621e-01
 -2.6023093e-01
  2.0446379e+00
 -8.1331104e-02
  8.0405451e-02
  7.5797701e-01
  3.2246381e-02
  3.1829600e-03
 -1.8488526e-01
  4.7580597e-01
 -5.5210507e-01
  3.5999130e-02
  9.5786631e-02
 -3.6003616e-01
 -1.0309362e-01
  3.6408859e-01
 -1.3169433e-02
  4.3930691e-01
  9.0989709e-02
  2.0329483e-01
  2.7732451e-02
 -1.0443482e+00
 -3.6329651e-01
  5.8802672e-02
  5.2071214e-01
 -3.4052196e-01
  1.3126026e-01
  9.1797605e-02
 -2.1473386e+00
  2.1235840e-01
 -4.0880937e-02
 -7.4231908e-02
  1.0470494e-01
  6.0870901e-02
  1.4047971e+00
  5.0436746e-02
 -2.9292906e-02
 -5.2108896e-01
 -4.3988571e-02
 -1.0485432e-01
  1.9919291e-02
  1.8241797e-01
 -2.4601622e-02
  2.3131939e-02
 -1.4254673e-01
 -1.0472549e-02
  1.2238581e+00
 -4.4664610e-02
  1.6433941e+00
 -2.7073456e-02
  2.1222668e+00
 -3.7072975e-02
 -8.3380409e-02
  6.0938750e-03
 -7.9558901e-02
  2.0404860e-01
  1.9619681e-01
 -3.5466220e-02
  4.9691510e-01
  3.0297070e+00
  3.1169638e-01
  5.1617850e-02
  1.7460433e-01
 -7.7891695e-01
 -1.3464947e-01
 -1.4498176e-01
 -1.5320784e+00
 -4.0322921e-01
  6.4012480e-01
  7.2456312e-01
  9.5604844e-02
  3.0741200e+00
 -9.9481801e-03
 -6.0129839e-01
 -3.2642011e-02
 -1.6732229e+00
  1.1005361e-01
  7.6863836e-03
  2.6064226e-01
 -1.9269387e-01
 -4.0696237e-02
 -1.0286994e-01
 -8.9223031e-03
 -3.1016309e+00
 -7.1603608e-01
  1.9958082e-01
 -1.5144366e-01
 -8.0306284e-02
  9.1873378e-01
  4.7534513e-01
 -1.5801609e-01
 -6.9542848e-02
 -6.1912358e-02
  1.2447560e-01
 -8.5251316e-02
 -6.1724436e-01
  9.6372378e-01
 -5.0497890e-01
  4.6992064e-02
  2.6950011e+00
  1.0638130e-01
  1.3256621e-01
  2.4551113e-01
  2.9873267e-01
  6.6612154e-01
  1.1768802e-01
  4.0334490e-01
 -1.0415655e-01
 -3.4260872e-01
  4.0480155e-01
  2.5454113e-01
  1.7695470e-01
  1.8405841e-01
  1.4806339e-01
  2.2234078e-01
 -2.9166520e-01
 -1.1361210e-02
  4.4663703e-01
 -3.3592778e-01
 -3.6800462e-01
 -2.0945643e-01
  1.5497637e-01
 -6.0699437e-02
  6.8581358e-02
  4.7243055e-02
  5.1064923e-02
 -1.1730139e-02
  6.2066778e-03
 -7.9465448e-04
  2.7339774e-01
  3.7751217e+00
  2.9922209e-03
  1.8518305e-01
  6.3601635e-02
  2.5960523e-01
  1.6022100e+00
 -7.9246536e-02
 -1.4003934e-02
 -6.2058307e-02
  4.8265629e-03
 -2.9303807e-01
 -9.1636276e-01
  3.8255301e-01
 -1.6208662e-01
  1.1051289e-01
 -2.4554062e-01
 -1.3830298e-01
  3.8046468e-02
 -1.2617747e-01
  1.7202425e-01
  1.7098159e-01
 -1.5477556e-01
 -2.2555017e-01
  2.7033217e-02
  4.7952324e-02
 -4.5950431e-02
 -1.6119792e-01
  1.9419672e-01
  2.1624520e+00
 -2.8699973e-01
 -1.9251415e-01
  8.0799812e-01
 -2.4480563e-01
  2.2099282e-01
  3.5986304e-01
 -4.0515935e-01
  1.3134792e-01
 -2.3813123e-02
  3.6389343e-02
  9.4786668e-01
  1.7481986e-01
  5.4001283e-02
  2.5153596e-02
  3.2036502e-02
 -1.0264633e-01
 -2.1666707e-02
  4.9417722e-01
  6.4499704e-03
 -1.1005984e-01
 -5.5101258e-03
 -1.3768114e-01
  8.5302722e-03
  8.6430684e-03
  3.5446894e-01
 -1.7618275e+00
  1.1022540e-01
  8.6777158e-02
  3.8491064e-01
 -1.4829211e-02
  2.7041299e-02
 -8.1645653e-02
  3.4808517e-01
 -2.7341232e-02
  8.6972453e-02
 -1.8064050e-01
 -7.0521522e-01
  6.3479859e-03
  1.1074567e+00
 -2.0581844e-01
 -1.3408263e-01
 -3.5229439e-01
  6.6106305e-02
  2.4806477e-01
 -1.1343939e+00
 -6.4253783e-01
 -2.0391981e-01
 -7.7388190e-02
 -1.6898024e-01
 -2.5752563e-02
 -1.2280798e-02
  9.7430281e-02
  8.6752530e-03
 -3.5407254e-01
 -1.0661757e-01
 -6.8473321e-01
  1.9477487e-02
  1.6556171e-01
 -3.5311693e-01
  1.6824274e-01
 -3.0397819e-02
 -2.7958963e-02
 -4.9011976e-02
  4.2422120e-02
  1.1129240e+00
  5.3278476e-01
 -3.0479819e-01
  3.1601009e-01
  2.7401763e-01
 -6.9574587e-02
  1.3605684e-01
 -3.3129346e-02
 -4.9436316e-01
 -5.2540991e-03
  1.1195865e+00
  8.0746371e-01
  1.9434465e+00
 -1.3303626e+00
  1.4791420e-02
 -5.2617604e-01
 -3.0115327e-01
  2.6298194e+00
  4.1781679e-01
 -2.4748310e-01
 -8.6556000e-01
  4.9626090e-02
  3.5690093e-01
 -1.0389048e-01
 -2.6152074e+00
  2.5821416e+00
 -1.4491516e-01
  3.7796795e-01
 -2.6239254e-02
  8.9209670e-01
 -5.1592559e-01
 -3.3016630e-02
  7.7081186e-01
  2.1376271e+00
  1.5255456e+00
  2.2811414e-01
  4.3755097e+00
  8.5624307e-02
  1.4150161e-02
 -5.0901699e-01
 -6.4172333e-01
 -1.2274777e+00
  2.9943905e+00
 -2.0683946e-01
 -2.5430834e-02
  6.0364616e-01
  4.7995504e-02
 -9.8591678e-02
  4.3967468e-01
 -1.0420280e-01
 -1.6286517e-03
 -6.0683036e-01
  1.3448255e-01
  6.3182861e-02
 -1.8433714e-02
 -1.2494303e-01
 -1.2340645e+00
 -1.1394164e-01
  3.7655491e-01
 -2.3067456e-02
 -2.9469579e-01
  8.2856774e-02
  8.6015004e-01
  7.4568152e-01
 -9.5536268e-01
  1.3657083e-01
  1.4525956e-01
 -3.8641330e-02
 -6.0326241e-02
 -1.1504411e-01
 -6.9515027e-02
  1.9192196e+00
 -4.7466937e-02
 -6.4445689e-02
 -1.3777367e+00
 -8.5697714e-03
 -2.6921615e-01
 -1.0329828e-01
  3.0286906e-02
 -2.6920927e-01
  5.3202617e-01
  1.5278691e-01
 -1.9092295e-02
  3.7325680e+00
 -1.8992423e-01
 -5.8936352e-01
 -1.4756489e-02
 -2.2340113e-02
 -1.2231997e-02
 -2.8245527e-02
 -1.5313545e-01
  2.7374690e-03
 -1.0272725e-02
 -1.8682584e+00
 -1.3473164e-01
  4.6965938e-02
 -4.7787276e-01
 -2.0542495e-01
  3.2488741e-02
 -1.9245285e-01
 -9.5914108e-01
 -5.7953034e-02
  5.6419630e-02
 -3.6065783e-03
 -8.0351308e-02
  1.0277833e-03
  1.1322597e+00
  1.7668135e-01
  6.7771867e-02
 -1.3029211e-02
  2.3439741e-01
  1.5707935e-01
 -1.3370951e-01
  1.6332272e-02
  1.2725047e+00
 -5.3712882e-02
  8.4652886e-02
  1.6037999e-01
  1.8169759e-02
 -1.3142853e-02
 -1.1285135e-03
  1.9370240e-01
  1.4329806e-01
 -1.3058110e-01
 -5.4319046e-02
  3.3705745e-02
  1.2961206e-01
 -7.0722602e-02
 -1.2965408e-02
 -2.9900640e-02
 -8.3790876e-02
 -5.3056617e+00
 -8.1038490e-02
  3.0905849e-01
 -8.0599293e-02
 -1.3884126e-01
  1.4195372e+00
  2.0974967e+00
  3.3095462e+00
 -2.6847692e+00
 -1.8413045e+00
  1.7233003e+00
 -4.7496063e-01
  4.2507611e-02
  7.6525199e-01
  1.0254943e+00
  1.7399913e+00
 -3.0301067e-01
 -8.2772022e-01
  1.5980716e-01
  2.5268340e-01
  2.7757165e+00
  5.8421654e-01
  1.0927204e+00
  1.0149801e+00
  5.2518272e-01
  7.8329600e-02
  1.3772844e+00
  1.0473260e+00
 -4.0237818e-02
  1.1304084e-01
 -3.3834353e-01
 -8.7095505e-01
  7.2663322e-02
 -1.5988780e+00
  1.0580959e+00
 -1.0339087e+00
  1.3250631e+00
  2.7862093e-01
  6.7492080e-01
 -1.5726746e+00
 -1.8443961e-02
 -3.0937400e-01
  3.0183280e-01
  5.0116079e-03
 -2.4617817e-03
 -8.3783615e-01
  8.1895784e-02
 -2.5511131e-01
  6.5520972e-01
  8.1426400e-01
  1.1170206e+00
  2.5346929e-01
 -8.2239330e-01
 -2.2932873e+00
  4.0550891e-02
 -5.4194905e-02
 -4.8416838e-02
 -4.5761246e-02
  1.2519277e+00
  9.4778109e-01
  9.6240133e-02
  2.2165401e-01
  1.1290239e+00
 -3.4380186e-01
  4.7143102e-01
  2.2183914e+00
  7.9951352e-01
  1.0488104e+00
  1.6477561e-02
  1.7301210e+00
 -9.7796641e-02
  3.5280585e-02
  8.4417468e-01
  1.1030109e+00
 -1.8856539e-01
  8.9477772e-01
  1.7794756e+00
  1.2922961e+00
 -1.5579730e-01
  6.0965471e-02
  7.1001405e-01
 -3.5418347e-01
 -1.2009105e-01
  5.2519599e-03
  2.4271861e-01
 -1.0198279e-01
  5.2586831e-02
  2.0028476e-01
  8.8072732e-02
  3.0068386e+00
  4.7118831e+00
  3.1232858e+00
  3.5733757e+00
 -1.5985661e+00
  2.3188510e+00
 -1.9041114e+00
  1.0313152e+00
 -1.5067652e+00
 -2.6245403e+00
 -1.6382618e+00
  1.0103908e+00
 -7.9660946e-01
  1.4917262e+00
  3.2712831e+00
  2.6063056e+00
 -2.4882600e+00
 -3.3253005e+00
  1.5065074e+00
  2.4630995e+00
  1.7053528e+00
 -3.1277969e+00
  2.5358820e+00
 -2.9799087e+00
  2.7488987e+00
 -3.1518226e+00
  2.4367135e+00
  1.5167944e+00
  1.2108587e-01
 -1.4115396e-01
 -2.9704549e+00
  1.4088947e-01
  2.8846686e+00
 -1.5599537e+00
  1.5733925e+00
 -2.3366983e+00
  2.0837862e+00
 -3.9378932e-01
 -2.2780030e+00
  2.6279764e+00
 -2.5031822e+00
 -1.3663574e+00
  2.8907835e+00
 -2.4057031e+00
 -2.0108316e+00
  8.3742875e-01
 -3.5982556e+00
 -3.3006525e+00
  1.3518749e+00
  1.1106943e+00
  2.2765589e+00
  3.8847926e+00
  3.2677510e+00
  3.6267979e+00
 -4.0506297e-01
  1.2326784e+00
 -1.5689720e+00
  5.3223497e-01
 -4.2429185e+00
 -1.1806009e+00
 -4.9731035e+00
 -6.0853308e-01
 -1.0273300e+00
  3.2834038e-01
  1.3639464e+00
  1.7657366e+00
 -1.1782984e+00
 -1.6607860e+00
  2.6481519e+00
  2.2013521e+00
  5.3191572e-01
 -1.5269281e+00
  4.3491130e+00
 -2.2526448e+00
  1.2617040e+00
 -4.9996072e-01
  8.1466562e-01
  1.4445903e+00
 -2.1664002e+00
 -5.4907089e-01
 -4.4912314e+00
  1.3538481e+00
  2.0649385e+00
 -1.0717961e+00
  3.7498050e+00
 -2.9958017e+00
  2.6049938e+00
 -1.1360135e+00
 -1.0375608e+00
  1.0613307e+00
 -2.4605660e+00
 -1.7514580e+00
  9.0130192e-01
 -9.1144025e-01
 -1.1507355e+00
  9.3974358e-01
 -3.6858482e+00
 -3.3812182e+00
  2.0724778e+00
  1.3204826e+00
  3.6854003e-02
  1.6287829e-01
  3.9337134e-01
 -1.6480727e-01
  1.0710787e+00
 -1.9527484e-01
 -2.6085806e-01
 -1.2396113e-01
 -6.0828781e-01
 -1.6419057e-02
  1.0900466e-02
 -1.8236644e+00
 -2.0788828e-02
 -8.1637383e-01
  6.6211738e-02
  1.3442491e-01
  2.8114530e-01
 -2.1554062e-01
  2.2278865e-01
 -2.2100715e-01
 -2.4692323e-02
 -1.7951185e-01
 -3.2955903e-01
  3.9032243e-02
  3.8714584e-02
  2.1512029e-01
 -7.3017851e-02
  4.1182086e-02
 -7.2917719e-03
  4.9386561e-02
  3.2026477e-02
 -1.4983367e+00
 -1.3536818e-01
  4.2534631e-01
 -8.1646645e-01
  2.9891251e-02
  7.4267435e-01
 -1.9788637e-03
 -1.7489642e+00
 -4.1661836e-02
  3.1344533e-01
  1.1489227e-01
 -4.0306063e+00
  7.7291781e-01
  1.1946558e+00
 -1.3013693e+00
  8.9019001e-02
 -2.5485275e+00
  1.8267949e-01
 -2.2846734e-02
 -2.6494956e-01
 -1.9026773e-01
  7.0386410e-02
  1.8276978e-01
 -6.1249018e-02
  1.9645885e-02
 -1.4269258e-01
  8.1516262e-03
 -9.6441105e-02
 -9.0919388e-03
  1.3186324e-01
  1.0757091e-01
  3.1716168e-02
 -2.5496773e-02
 -8.3084114e-02
  9.5296986e-02
 -1.0826361e+00
 -2.2108726e-02
  1.2844406e-01
  2.7119242e-02
 -2.4357790e-01
 -4.2972258e-01
  4.4983707e-02
  1.1833893e-01
 -9.0781473e-02
  5.2565895e-02
 -3.3336941e-02
 -4.6977598e-02
  1.4924186e+00
  7.2894514e-01
 -7.5493646e-01
 -6.4846152e-01
  5.9922767e-01
  1.3752592e-01
 -1.4725719e-02
 -1.4118733e+00
 -7.7326231e-02
  2.0340948e+00
  1.5313740e+00
 -9.3062095e-02
  2.5678437e+00
  9.7217900e-01
  1.1916900e+00
 -5.9166268e-02
  2.0443365e-01
  7.7224916e-01
  1.4512097e+00
  8.2502514e-02
 -1.4764936e-01
 -1.5244961e+00
 -6.9161791e-01
  2.3395061e-01
 -2.4122012e-01
  5.1804382e-01
 -9.3813419e-01
  1.1040295e+00
 -2.5517728e+00
  2.2752662e+00
  2.5330448e-01
 -1.3562826e+00
  2.0131395e+00
 -1.1248132e+00
  5.8881003e-01
 -4.0084437e-01
  3.3959347e-01
 -1.2661561e-01
 -1.1207722e+00
 -5.9460694e-01
 -3.0445418e-01
  5.6012113e-02
  1.6596557e+00
  1.7214531e-02
 -1.3950294e-01
  9.4403103e-02
  4.5186019e-01
 -1.0873003e+00
 -4.1390605e+00
 -2.4644554e+00
 -1.9638939e+00
 -3.5592453e+00
 -3.0532966e+00
  2.1088831e+00
  1.8589113e+00
  2.2605922e-02
 -1.8952532e+00
  4.8848402e-02
  3.2516453e-01
  1.6525512e+00
  5.1990139e-01
  8.1289612e-02
 -9.2923999e-02
  1.8983188e+00
 -2.7937257e-01
  2.3576348e-01
 -5.9284252e-01
 -4.7051001e-02
 -9.1579568e-01
  8.0509193e-02
  2.0797531e-01
 -7.3549494e-02
  4.3333673e-01
  1.6879517e+00
  5.6136692e-01
  5.0138064e-02
  6.6010308e-01
  1.8579519e+00
  1.1712400e+00
  3.4252863e-02
  1.9692408e+00
  2.2486794e+00
 -4.4959150e-02
  7.7559274e-01
  1.2447507e+00
  3.7743304e-02
 -2.4362506e-02
 -8.6651236e-02
 -1.7342742e-01
 -1.0425764e-01
 -6.0263000e+00
  4.3076523e-02
 -1.8025873e+00
 -2.1881036e-01
 -6.0567803e+00
  5.1694412e+00
  5.3993654e-01
 -2.9668167e+00
  3.0655768e+00
  3.3894873e-01
  5.2534778e-02
  1.8527817e+00
  9.7117716e-01
 -2.7455020e+00
 -2.7721400e+00
  3.2904015e+00
 -6.6817683e-01
 -8.2258600e-01
  2.0885410e+00
  2.6636889e+00
 -7.7585769e-01
 -7.7434343e-01
 -1.8464123e-01
  3.8307381e-01
 -5.1514351e-01
  1.3750660e+00
  4.5000097e-01
  1.7661078e-01
 -1.4652960e+00
 -2.5659308e-01
 -8.1310499e-01
 -6.5554065e-01
  1.2940696e+00
  2.9400778e-01
  7.5054511e-02
  3.3729973e-01
  1.3954829e+00
 -1.2357555e-02
  4.5013748e-02
  3.8825831e-01
  7.9014927e-01
 -3.4004137e-02
  1.1164049e+00
  1.3915135e-01
 -1.9054417e-01
 -4.9477592e-01
 -3.8648877e-02
 -1.5561812e-01
 -1.4433243e+00
 -4.1910578e-02
 -6.9548018e-02
 -2.4443204e+00
  3.9935727e-02
  3.1325202e-02
  2.9124802e-01
 -2.8649765e-01
 -1.1773933e-01
 -5.7243224e-02
 -2.5046438e-01
  5.9991881e-02
  8.4801968e-03
 -1.0396843e+00
 -3.3907589e-02
 -7.0886344e-02
 -2.7989030e-01
 -9.9579394e-03
  1.8564975e-02
 -1.4988622e-01
 -3.9308375e-01
  1.1993824e-01
 -1.0655630e-01
 -1.1804110e+00
  2.9612833e-01
 -1.4109926e-01
  7.3279664e-02
  2.0488918e-01
  6.0527649e-02
 -7.7262670e-02
  4.1701150e+00
 -4.6422780e-02
 -6.2227707e-02
 -2.8475735e-02
  7.1055502e-02
 -3.7819173e-02
 -1.4691751e+00
 -1.1597968e+00
  9.5340270e-01
  2.4826105e+00
  8.0564308e-01
 -1.4529929e+00
  1.4074358e+00
 -2.2144891e-01
  9.2841834e-01
 -2.9847246e-01
 -6.8234026e-01
 -1.4589293e-01
 -1.2120672e-02
 -1.4866366e+00
  4.8313984e-01
  4.5862523e-01
 -2.4796674e+00
 -2.4894623e-02
 -1.5847787e+00
  9.4626367e-01
 -3.9637664e-01
  2.0602367e+00
  8.2837641e-01
  2.9981250e-01
  1.0619482e+00
 -3.9768506e-02
 -5.3470796e-01
 -2.5521791e-01
  1.6159753e+00
  1.6802006e+00
  1.2053542e-03
 -1.9091725e-01
 -2.3680255e-01
 -1.0623616e+00
 -4.2764354e-01
  2.7521855e-01
  9.6441501e-01
  1.7782034e-02
 -4.6419039e-01
  2.2389019e-01
 -1.7750363e-01
 -4.0505297e-02
  2.3113825e+00
 -1.5565774e-01
  9.9854237e-01
  2.7090663e-01
  7.7640214e+00
 -2.6337459e+00
  8.1596655e-01
  8.0183971e-01
 -1.9904083e+00
  1.8963650e-01
  1.6566868e+00
 -4.5598335e+00
 -1.3238661e-01
  7.9216784e-01
 -1.8174304e-01
 -1.4763979e+00
  8.2498200e-02
 -2.9329357e+00
  3.6836883e-01
 -4.8456948e-02
  5.6073967e-02
  8.2185632e-01
 -2.7513056e+00
 -6.4218372e-02
  9.4490057e-01
  1.0121462e+00
 -5.0046682e-02
  2.0099162e-01
  9.6164063e-02
 -1.9786505e-01
 -8.9973383e-02
  1.4529004e+00
  7.9297620e-01
  1.7059991e-01
 -6.4934909e-01
 -1.0948291e-01
  1.8984297e-02
 -1.6304812e+00
  5.7420406e-02
 -1.0551951e-01
  6.9147937e-02
 -4.3805900e-01
  5.1460069e-01
  2.7818182e-01
 -1.6114110e+00
  2.3875422e+00
 -7.8782696e-01
 -6.3586628e-01
 -7.3495620e-01
  1.0794767e-01
 -3.2770846e-03
 -2.9134876e-01
  9.0939201e-02
 -1.7494845e+00
 -1.3187028e-02
  3.2979917e-02
 -1.8951121e-01
 -1.6065069e-01
 -5.2367103e-01
 -3.0924556e-01
 -2.1407272e-01
  4.5475741e-03
  8.9416929e-02
 -1.1282055e-01
  5.0430722e+00
  6.7310393e-02
 -1.6967733e-01
  5.1337805e-02
 -6.9579351e-01
 -4.7265968e-01
  7.8306454e-01
  1.1955613e+00
 -8.8246238e-01
 -1.6647729e-01
 -6.3161743e-01
  5.6656545e-01
 -1.1578134e+00
  8.6989239e-02
  9.3234763e-02
  5.7789225e-02
  1.9590200e-01
  8.6601663e-01
  4.4667339e-01
  1.0206072e+00
  2.4518858e-01
 -1.8469638e-01
 -6.4671077e-02
  6.2439792e-02
 -8.5669011e-02
  1.7565532e-01
  1.0372020e-01
 -6.4682536e-02
  1.2103574e-02
  2.7550871e+00
 -5.1423710e-02
 -4.8976845e-01
  1.0162839e-01
  8.8228565e-01
 -1.3901900e+00
 -3.6931325e-02
  3.5095057e-03
 -4.2214859e-02
  3.1988966e+00
 -1.4725220e+00
  1.9331020e-01
  1.0507768e-01
  6.5923445e-02
 -2.3438075e+00
 -1.4198698e+00
 -8.7577693e-02
 -6.3047357e-02
  6.2090687e-02
  1.9543853e-01
 -8.4882073e-02
  1.2626927e+00
  3.4178934e-01
  2.8039334e-02
  2.8580642e-01
 -3.7533544e-02
 -3.0042461e-01
 -6.6440389e-02
 -1.9967355e+00
  1.0421314e-01
  4.6127974e-03
  3.9737575e-02
 -7.3489308e-02
 -1.0877932e+00
 -1.0212367e+00
  3.7699547e+00
  4.1691276e-01
 -1.7098996e-01
 -3.0946115e-01
  7.1121359e-01
 -2.1433863e-01
 -2.4306972e-02
  8.3316493e-01
  4.1453443e-02
  5.6815165e-01
 -1.7322996e-01
  1.7926484e-01
  8.1032507e-02
  1.9957354e+00
  8.1258696e-01
 -1.2864630e+00
  7.5187698e-02
 -4.8685238e-02
 -1.8091041e+00
 -1.0630085e-01
  4.9998730e-01
 -1.6804621e-01
  1.1488702e-02
  1.0423762e-01
  1.4392841e-01
 -3.2080926e-02
  1.8489053e-02
  6.6811603e-01
  3.3538434e-01
  1.1030343e-02
  8.3802712e-01
  1.3904116e-01
 -1.1150846e-01
 -1.8389948e-02
  8.9346266e-01
 -3.8202662e-02
 -1.1644402e-01
  7.6862000e-02
  1.3352437e-01
  1.8091461e-01
  2.3554485e+00
 -1.6244717e+00
  7.3660612e-01
  2.4057882e+00
 -1.5417972e-01
  8.0234456e-01
  8.0507475e-01
  5.5106276e-01
  1.2132225e-01
  3.3910956e-02
 -1.7839237e-01
  1.7722617e-01
 -7.6364033e-02
  3.4042442e-01
  1.5076391e-01
  4.8829403e-02
  1.4161466e-01
  4.0314963e-01
 -7.5216286e-02
 -3.0024745e-02
 -7.8714140e-02
  1.0393687e+00
  6.5294302e-01
  1.0941846e+00
 -1.2371771e-01
  8.7592714e-02
 -3.6372330e-02
 -3.2001078e-01
 -1.5092517e-02
 -2.0298331e+00
  8.6065537e-01
 -1.2001421e+00
  3.4483867e+00
  3.0553126e-01
  7.7180774e-03
 -3.0670429e-02
 -1.8731028e-02
 -2.2404146e-01
 -3.4681597e+00
  8.3424978e-02
 -1.7807373e+00
  1.5868047e-02
 -8.7340258e-02
  6.7147964e-01
 -4.1535491e-01
 -4.7696549e-01
  2.5480020e+00
 -4.0609735e-01
 -8.8503814e-01
  7.0103899e-02
 -2.1959786e-01
 -1.7530823e-01
  9.9228069e-02
 -7.3002435e-02
 -1.3298602e-01
  1.0579187e-01
 -5.9801966e-02
 -3.4553370e-01
 -2.4603266e-02
 -2.1434212e-01
 -2.6994655e-01
 -8.5950986e-02
  1.5310793e-01
  6.4854749e-02
 -4.7598869e-01
 -1.7910074e-02
 -1.8447213e-02
 -2.8116701e+00
 -6.3659072e-02
  2.2434043e-02
  4.4406805e-02
 -1.0788106e+00
  3.2916346e-01
 -4.4335838e-02
  2.3896361e-02
 -1.1127456e+00
 -1.4477742e-01
 -1.2559457e-01
  5.3598028e-02
 -1.9534385e+00
  1.3903601e-02
 -1.9414647e-01
 -1.2195748e-01
 -1.4508123e-02
 -1.0531161e-01
 -9.5869106e-01
  2.0220762e-04
  1.5989825e+00
  2.9473415e-01
  5.6021839e-01
  3.5230343e+00
  5.4080242e-01
  3.7790453e-01
 -2.5771376e-01
  2.5589335e-01
  1.3408004e-01
  4.5864829e-01
 -4.0652685e-02
  2.8173562e-02
  3.6596158e-03
  4.4144616e-02
 -2.4581231e-01
 -7.8143589e-02
 -3.2246083e-02
  7.6949485e-02
  8.7983322e-01
 -2.0771025e-01
 -1.9325862e-02
  9.7793871e-01
 -7.7490136e-02
 -3.0824584e-01
 -1.4141763e-02
 -4.7688332e-01
  3.7254381e-01
  1.9954225e-01
 -3.1372078e-02
 -3.4030262e-01
 -3.2027457e-02
 -4.6251293e-02
  6.3683349e-01
 -1.7928571e-02
 -6.2750012e-01
  2.5725040e-01
 -1.0217999e-01
 -4.2450998e-02
 -8.3055265e-02
  3.2511871e+00
  1.9567991e+00
  1.1474421e+00
 -9.3694669e-01
  2.1419389e+00
 -4.1226673e+00
 -2.7334290e+00
 -1.2991253e+00
  1.8393438e-01
  1.6995757e+00
  2.6074308e-03
 -9.4680673e-01
 -3.5382468e-01
  7.1214044e-01
 -2.1832079e-01
 -1.2480431e+00
  1.2904812e+00
 -1.1479717e-01
 -7.8213159e-03
  1.6038926e-01
 -2.7678141e-01
 -6.4976895e-01
  9.9310362e-01
 -3.9388109e-02
  8.6566454e-01
  1.4950387e-01
 -2.0505114e-01
  1.1584782e-01
 -3.3508098e-01
  9.7802013e-01
 -7.3195219e-01
  3.3232990e-01
  6.8739474e-02
  5.4208934e-01
 -8.7036729e-01
 -7.2078504e-02
 -2.8804633e-01
 -1.8105314e+00
  6.3001639e-01
  1.0401765e-01
 -3.9167073e-02
  3.5188136e-01
 -1.9528534e-02
  2.7833766e-01
  5.7472771e-01
 -1.4398398e-01
  2.0694883e-01
 -1.4371867e-01
 -2.4787065e-02
 -9.1377825e-02
 -1.5090811e-01
 -4.8764083e-01
 -1.3328054e+00
  2.2558124e-01
  1.7062899e-01
 -1.6036297e-01
 -2.4837931e-01
  1.0282395e+00
 -1.3887470e-02
 -1.6373304e-01
 -7.1122342e-01
  1.5642290e-01
 -1.9749750e-01
 -1.1254753e+00
 -1.0283543e-01
  1.2180119e-02
  1.9893721e+00
  5.4748929e-03
  1.3711147e-01
  1.0486205e-01
 -1.5253748e+00
 -4.3215279e-02
  1.1687583e-01
 -1.4461124e-01
  2.8434479e-01
  1.5664374e+00
  7.5782120e-02
  5.2218229e-01
 -3.3806396e-01
 -1.2380973e-01
 -2.0500226e+00
 -2.1635236e-02
  1.3702066e-02
 -1.4715797e-01
 -2.3892559e-01
 -3.8585779e-01
  1.2234572e-01
  8.2421385e-02
 -3.9833406e-01
  1.3176346e-01
  5.6968417e-02
  7.5076267e-02
 -6.1310013e-03
 -1.6866714e-01
  4.4135425e-02
  1.4375933e-02
 -5.1832664e-01
 -1.1720041e-01
  3.1036871e-02
 -8.4739506e-02
 -7.5894527e-02
  3.9244080e-03
  3.8737565e-01
  8.6459957e-02
 -2.9524866e-01
  9.0898670e-02
  2.8023703e-02
 -1.9314902e-01
  1.3978605e+00
  1.6814320e-01
 -2.6215774e-01
  4.8555572e-02
 -1.0648660e-01
 -4.8258442e-02
 -1.0739260e-01
 -3.7786257e-01
 -8.3281919e-02
  3.8808715e-01
  8.5737947e-03
  1.7611252e-02
 -4.0236153e-02
 -1.0801024e-02
  7.0669404e-03
 -2.5314668e-01
 -1.9511773e-01
 -7.0486598e-02
  1.6950369e-01
 -1.3507760e-01
 -7.3976904e-02
 -1.6952227e-01
 -7.0318937e-01
  1.0331126e-01
  1.5262756e+00
 -5.3034469e-02
 -3.1792819e-01
 -3.9944299e-02
  1.0483435e+00
 -7.9770975e-02
 -2.7454969e-01
 -1.1435466e+00
 -4.1387804e-02
  1.5868524e-01
  1.3853863e-01
 -6.6486073e-01
  2.6283482e-01
 -3.5340080e-01
  3.2724138e-02
  2.8282434e-01
 -2.5182128e-01
 -3.6847812e-01
  1.2410045e+00
 -9.1790836e-03
 -2.6478416e-01
  1.2729246e-02
  6.6651523e-02
 -1.5797544e-02
 -5.0362825e-02
 -9.5267780e-02
 -1.8185833e-01
 -1.6590932e-02
 -5.3368765e-03
  1.2630835e-02
  4.8615124e-02
 -2.3945133e-01
 -6.4288810e-02
  6.4157978e-02
 -4.4133451e-02
 -9.7905677e-03
  2.3248848e-03
 -7.9612064e-01
 -3.5838585e-02
  7.3674589e-01
 -3.1901556e-01
 -1.1032070e+00
  3.3416784e-01
 -3.9358366e-02
 -4.9479548e-02
 -2.0195811e+00
 -2.6724938e-02
  1.2772253e+00
 -6.3878641e-02
  4.6010558e-02
 -8.8647693e-02
 -5.5136733e-02
 -1.5125104e-02
  8.3605703e-03
  2.0853043e+00
 -1.1704769e-02
 -1.8424526e-01
 -3.2196604e-02
  1.0808189e-01
 -1.1902088e-01
  3.3201399e-01
  8.5567303e-02
  6.0445606e-03
  1.1822267e-02
  1.2230618e-01
 -7.9829030e-02
 -1.5568280e-01
  1.8305376e-01
  1.1698779e-02
 -2.3710454e+00
  1.7958273e-01
 -6.1601300e-02
 -1.2750268e-01
  2.3350963e-01
 -4.6558094e-01
 -7.4041992e-02
 -6.0434673e-02
 -1.7627949e-01
  5.8639321e+00
  1.4392916e-03
  3.6791161e-01
  3.9196920e-01
  5.8347559e+00
 -2.2730739e+00
  1.4916720e+00
  1.5391834e-01
  3.4879723e+00
 -6.4728206e-01
  2.0797603e+00
 -1.3016214e+00
  5.2311186e-02
  5.9460800e-02
  7.1258307e-02
  2.3687470e-01
 -4.7281912e-01
  3.0491918e-01
 -7.7386898e-01
 -3.5554407e+00
 -1.9702058e-01
  7.4942976e-01
 -6.2310243e-01
 -2.3635221e+00
  7.6290160e-01
  3.3796704e-01
 -4.0067296e+00
  3.8486667e-02
  1.9573218e+00
 -2.4040284e+00
 -4.1878619e+00
  1.8072133e+00
  8.8989365e-01
 -1.4145820e+00
  1.5720214e-01
  1.4302735e+00
 -3.8417247e-01
  4.9763218e-02
 -9.3112485e-03
  2.3178709e+00
  1.9330509e-02
 -1.5573905e-01
  3.5975885e-01
  3.0765455e+00
 -5.5441374e-01
  5.4135174e-01
  1.5326269e-01
 -2.7832122e+00
 -5.5056996e+00
  1.4562836e-01
 -7.7197236e-01
 -6.1950415e-01
 -7.4346676e-02
 -5.1414430e-02
  1.3227938e-01
 -1.0831642e+00
 -3.4850731e-04
 -1.2172449e-01
  1.2855931e-01
  1.1074919e+00
 -4.6919712e-01
  5.4126358e-01
 -9.8408587e-02
 -8.1009930e-03
 -2.0668008e+00
  1.0177717e-01
 -1.8725928e-02
 -8.4232464e-02
 -9.1650718e-01
 -4.0400374e-01
  1.5698252e+00
 -1.2049582e+00
 -2.9765016e-01
  1.3823339e-01
 -4.6475700e-01
 -1.7577790e-01
  3.3185149e-03
  1.1636360e-02
 -4.0622476e-01
 -9.0405844e-02
 -1.2868397e+00
  4.7516774e-02
  1.9091876e-01
 -4.5166472e-01
 -8.5886180e-02
  8.5402481e-02
  3.3839382e-02
 -3.9696974e-01
  6.6359413e-01
  4.6580681e-01
 -5.8997858e-01
  3.4231621e-01
 -3.4412220e-01
 -1.9448826e-01
  2.6298705e-01
 -1.5937270e+00
 -1.9021081e-02
  5.7259489e-02
 -7.3548153e-02
 -2.9606270e-02
  5.5869594e-02
  8.6695895e-02
  7.8982949e-02
  1.9924279e-01
 -1.4422426e-01
 -1.6257547e-01
  3.3937445e-01
 -1.3435942e+00
 -2.8014210e-01
 -8.5431308e-02
  8.3942276e-01
 -3.3079844e-02
 -3.7484756e-01
 -2.0314211e-01
 -2.0647431e-03
  2.4971440e-01
  3.3327979e-01
  1.1973779e-01
 -2.3436002e-02
 -6.3079193e-02
 -1.1567881e-01
  6.4840347e-01
  1.6298172e-01
  5.9172295e-02
 -2.7151796e-01
  2.1261647e-01
  6.3823976e-02
  3.2547884e-02
  1.1685409e-01
 -1.1302349e-01
  4.8292992e-03
  9.6363224e-02
 -6.2581122e-02
 -8.8851266e-02
  1.2551806e-02
 -4.8724215e-02
  3.5799764e-02
 -9.3007252e-02
  2.9508261e-02
  4.0477864e-02
  1.9013642e+00
 -2.3976691e-02
  2.8840791e-02
 -1.2940106e-01
  2.0857533e-02
  3.7923414e-02
 -1.4192967e-01
 -1.9864814e-01
  3.7050205e-01
 -3.2249093e-02
 -1.3966614e-01
  6.1242729e-01
 -5.2056745e-02
  1.2782763e-01
 -1.5063738e+00
  2.5487012e-01
 -3.5767353e-01
 -1.5654759e+00
 -8.1338786e-02
 -1.3086018e-01
  1.0314675e-01
  2.5236385e+00
  1.4430930e-01
  1.0807914e-01
  8.7631233e-02
 -3.9887216e-02
  3.8053550e-02
  8.3176717e-02
  4.2262856e-02
 -2.4757980e-01
 -5.5677127e-02
 -1.5554798e-01
  6.3999310e-02
 -1.1692350e+00
 -7.3171639e-01
  5.7142008e-02
 -1.0880950e-01
 -3.7722296e-01
 -5.2653864e-02
  1.0329939e+00
  1.1404061e-01
 -9.9892154e-02
 -1.3148782e-01
  2.2020867e-02
  3.0774146e-01
 -9.8569143e-01
  5.4842252e-03
  2.8688413e-01
  7.0649862e-02
  3.1616061e+00
  2.0820960e-01
 -1.2027530e-01
 -1.0851328e-01
 -2.9642196e-02
 -1.4597046e-01
 -9.7255707e-02
  1.9174036e-01
 -1.1147352e-01
  4.4358611e-02
  3.2881701e-01
 -1.6467385e-01
  2.8611714e-02
 -2.9853240e-01
 -3.3644041e-01
  3.9889136e-01
  1.4023508e-01
 -2.2114156e-02
  4.1968441e-01
  1.6041958e+00
 -5.1532578e-01
  7.1668990e-02
  6.7528087e-01
 -3.1021604e-01
 -1.0268112e+00
  5.1832658e-01
 -6.6347647e-01
 -6.7784995e-01
  3.2878403e-02
 -3.1258714e-01
  3.5484190e+00
 -2.6747844e-01
  8.9767598e-02
 -4.9598578e-02
  7.2884895e-02
 -3.8090575e-01
 -8.3905607e-02
  9.2680208e-02
 -9.4063416e-02
  9.9361770e-02
  2.5636055e+00
 -8.5167520e-02
 -1.3924660e-01
  1.1257084e-01
 -3.0939183e-01
  4.2271289e-01
  1.5701813e-01
  4.2635031e-02
 -1.0993998e-01
 -1.7461466e-02
  1.0927492e-04
 -4.3646626e+00
  6.4150177e-02
  8.0507988e-01
  5.6379449e-01
  1.7612013e+00
  2.3309672e-02
 -2.0487554e-01
  6.9101624e-02
  2.1970323e-01
 -1.8554743e-01
 -1.4421393e-01
  1.9718260e-01
  1.5081502e-01
  2.9034775e-01
  6.5380305e-01
 -2.6413855e-01
  2.1017954e-01
  2.5252875e-02
 -7.3141068e-01
 -1.3726617e-01
 -1.1730070e-01
  1.8639509e-01
 -1.7346929e-01
 -9.2008904e-02
 -3.2435691e-01
 -1.4554620e+00
  2.2325849e-02
  1.2155005e-01
  1.1799619e-01
  2.1974771e-01
  7.1036569e-03
  3.1660501e-02
  2.0557129e-01
 -4.7307044e-02
 -1.5285251e-01
  2.1552022e-03
  8.7701194e-02
  3.1793159e-02
 -4.3209721e-03
  1.9810702e-01
 -4.8964448e-02
  4.5507471e-03
  3.4435446e-04
 -7.7688778e-03
 -7.2046749e-02
 -8.7237060e-02
 -5.2723099e-02
 -1.0985541e-01
  4.9718406e-02
  1.1697683e-01
  4.1177806e-02
 -1.0916732e-01
 -5.3090021e-02
 -1.0877366e-01
 -1.8040292e+00
 -1.6559260e+00
 -2.7142173e-01
  7.4880421e-01
 -1.6302416e+00
 -2.1674483e+00
  3.7877861e-01
  8.8825524e-01
 -3.0051263e-02
 -2.5895331e-02
  1.4880794e-01
 -3.0920103e+00
  8.6262845e-02
 -2.4450357e+00
 -8.3812915e-02
 -8.4612340e-02
 -3.0891381e-02
 -1.7655928e-01
  4.1612115e-02
  1.7190033e-01
 -1.9278486e-01
  4.3645191e-01
 -4.1166350e-02
  6.1129737e-01
 -6.1895363e-02
  1.0722383e-01
  9.5834695e-03
  7.9577185e-02
  2.1476360e-01
 -8.7792471e-02
 -1.8795998e-01
 -4.8741049e-04
 -1.7863245e-01
  1.1952788e+00
 -2.3164490e-01
 -4.6063129e-02
  4.0718472e-01
  8.9884326e-02
  1.4738983e-01
 -3.6603777e+00
  3.5958979e-02
  7.7143451e-03
  8.6438459e-01
 -1.2039358e-01
  3.9297900e-01
  1.2130682e+00
  9.0719814e+00
 -9.2708403e-01
  1.3966794e-01
 -3.2209954e-01
 -1.8269524e-01
 -1.6666654e-01
  1.0001697e-01
 -1.1271681e+00
  5.0374401e-01
 -4.1432218e-03
 -1.3988942e-01
 -4.8012236e-01
  3.8394591e-01
 -6.6041365e-02
 -1.7260781e-01
 -2.3351793e+00
  3.0896288e-01
  1.3852844e+00
 -2.8402197e+00
  3.1369464e+00
 -1.1490148e-01
  1.2355375e-01
 -5.1665641e-02
  7.9822659e-01
  7.2753060e-01
 -3.2176074e-01
  2.2236491e-02
  1.0378681e+00
 -5.0414276e-01
 -2.1673982e+00
  1.8115102e+00
  4.9115112e-01
 -9.0467858e-01
  9.1716327e-02
  9.5671088e-01
 -1.0009434e-01
 -8.4781699e-02
 -9.6189370e-03
 -1.5115714e+00
 -7.6332711e-02
 -2.5297025e-01
 -4.8206460e-01
 -3.0510303e-01
 -9.0743333e-02
 -1.7554665e+00
  5.1003560e-02
  1.1779097e-01
  5.8094420e-02
 -7.1596444e-02
  2.8826007e-01
  2.2425229e-02
 -7.0584118e-02
  5.1811755e-01
 -7.8005351e-02
 -2.9845017e-03
  6.8697430e-02
  9.7286850e-02
  8.9669049e-02
 -2.2302426e-01
 -2.5358778e-01
 -1.4404966e-01
 -9.3101245e-01
  4.3450635e-02
  2.6276454e-02
  1.7122878e-01
  1.5077208e-01
  1.3548294e-01
  2.1652382e-02
  1.8379446e-02
 -5.7505477e-02
 -6.3668294e-03
  1.1375359e-01
 -3.2029692e-02
  2.5149795e-01
 -2.4938153e-02
 -9.3955509e-02
 -1.0560458e-01
 -3.7390694e-02
 -2.8447735e-01
 -9.8030590e-02
 -4.1087484e+00
  1.2981597e+00
 -1.2080255e+00
 -6.9610041e-01
 -1.6445597e-01
 -7.6384294e-01
 -2.2822611e+00
  2.0602427e-02
  5.8772486e-01
  1.0446644e+00
 -2.0746022e-01
 -3.3371933e-02
 -1.6050079e+00
 -1.6908537e+00
 -3.7218684e-01
 -6.7427939e-01
 -1.4013989e-01
  1.9828266e-01
  1.4062520e+00
 -1.3616107e+00
  1.4522193e-01
 -1.0042170e+00
 -1.3463678e+00
  1.2602272e+00
  5.4403043e-01
  3.5562305e+00
  1.4005778e-02
  4.0273843e+00
 -1.1361837e+00
  1.7837543e+00
  2.7750939e-01
 -1.4426759e+00
  2.0233133e+00
  3.9817294e-01
 -2.0477065e-01
  1.7078105e-01
  8.1790990e-01
  9.1038018e-02
  1.5977645e-01
  5.1185554e-01
 -1.3534549e-01
 -1.3460636e-01
  1.6457479e+00
  4.2459860e-01
  2.5447541e-01
  3.9725776e+00
 -8.9538473e-01
  3.1129222e+00
  8.5987437e-01
  5.4646530e-03
  2.5699415e+00
 -8.5086995e-01
 -1.0130668e-01
 -2.5612016e+00
  1.3325820e+00
 -5.4455256e-01
  1.8914423e+00
  2.5653522e+00
 -4.9483207e-01
 -6.5801665e-02
 -1.3971697e+00
  3.7316009e-01
  4.5093433e-03
  9.6294200e-01
  1.1322987e+00
  4.9444571e-01
 -6.0992527e-01
 -8.6385585e-02
  2.7990198e+00
  6.5484178e-01
  9.1872966e-01
  5.5551910e-01
  1.7260123e+00
 -3.8709095e-01
 -9.9852318e-01
 -2.6440938e+00
 -1.5604998e+00
  5.0996359e-02
 -2.1046317e+00
  8.1124537e-02
  2.3784998e-01
  4.8172697e-01
 -4.5219555e+00
 -3.5183230e-01
 -1.0373530e+00
  2.7061210e+00
 -2.8960118e+00
 -2.2231627e+00
 -1.7496316e+00
 -3.6250544e+00
  5.0524104e-01
  2.2958615e-01
 -7.5934863e-01
  8.6154856e-02
 -8.7772526e-02
 -1.2676785e+00
 -1.5673039e+00
  8.9299262e-02
  4.6607915e-02
  7.0106244e-01
 -4.3612509e+00
 -2.4640548e-01
  3.5035706e-01
 -1.5721315e-01
  4.5843410e+00
 -5.6832325e-02
 -1.4190146e+00
  1.1460017e-01
 -7.2180301e-01
 -7.5442141e-01
  7.8275800e-01
 -1.7096409e-01
 -1.2496835e+00
 -1.6975957e+00
  2.8254804e-01
 -1.3817461e-01
  2.4267490e-01
 -1.2382571e-01
 -1.8682505e-01
 -1.2918906e-01
 -1.4494045e-01
 -1.6141992e-02
 -9.3726891e-01
  2.1512549e-01
 -3.3390966e-01
 -2.1264966e-01
  1.3448106e-02
  1.4405477e+00
 -3.6339285e+00
  1.1643130e+00
 -2.3146760e+00
  1.4665157e-01
  7.7646852e-01
 -2.9771742e-01
  5.0302786e-01
 -4.3053341e-01
 -6.7697518e-02
  1.7336563e+00
  1.8556697e-02
  1.4339112e-01
  5.1143605e-02
  1.5185024e-01
  1.7350878e-01
 -1.0339131e-01
 -2.3067586e-01
  7.7798045e-01
  1.8983661e-01
  1.2111295e-01
  2.1679112e-01
 -1.7547382e+00
 -2.5258156e-02
  9.4275996e-02
  1.3221280e-01
 -4.5070323e-01
  4.0691543e-02
  1.0117344e+00
 -1.8246625e-01
 -3.0339453e-02
 -2.2809874e-01
 -3.6880676e-02
 -2.4329524e-01
 -2.0198168e-02
  4.1469019e-02
 -1.5295992e+00
 -1.2916405e-01
  1.6750996e-01
 -1.3896848e-01
 -2.0786187e-02
 -5.5474849e+00
 -1.8274993e-01
  1.0949815e-01
 -3.3600056e-01
 -6.0335932e+00
  3.1396654e+00
 -3.7581989e-01
 -1.5401609e+00
  1.3419495e+00
 -2.3642758e-01
 -1.3698257e+00
 -7.0455766e-01
 -1.9612105e+00
  8.1624463e-02
 -1.6165360e+00
  1.6683158e+00
 -3.7011516e-01
 -1.4041460e+00
 -1.4474396e-01
 -1.2496794e+00
 -8.7167335e-01
 -9.1110384e-01
  1.7522493e-01
  9.5124006e-01
 -1.9169158e+00
  1.9881772e-01
  8.0476612e-02
  1.6170744e-02
 -6.2681955e-01
  8.2629293e-01
  2.2241613e-01
 -1.3927358e+00
 -1.6835073e-02
 -8.1259763e-01
 -1.8823865e-01
 -8.3375107e-03
  1.0545293e+00
  6.7946300e-02
 -5.6239372e-01
  5.1118441e-02
 -1.9903956e-02
  6.9876887e-02
 -6.0751315e-02
  3.9726174e-01
  2.5194073e+00
 -5.3495872e-01
  3.1146941e-01
 -4.7492632e-01
  1.9178380e-01
 -7.7862665e-02
 -3.7199307e-02
 -3.2786582e-02
 -6.1061561e-02
 -1.9467110e-02
  1.7992940e-02
 -1.1529580e-02
  4.8792411e-02
 -5.5709213e-02
  3.4139085e-01
 -1.3257238e+00
 -1.1599552e-03
 -2.5946951e-01
  1.9529393e-01
 -3.6183277e-03
 -7.0431083e-02
  1.0789806e-01
  8.0356881e-02
 -4.7236583e-01
 -1.0748461e+00
  4.3599498e-02
 -2.7922407e-01
 -1.2574121e-01
 -4.5227587e-02
  3.4576505e-01
  2.3156528e-01
 -8.8181555e-02
 -3.0110341e-02
  6.7867391e-02
 -3.6810642e-01
  4.7508631e-02
 -3.5900996e+00
 -3.1205794e-01
 -3.7989450e-01
  9.4269179e-03
  2.3447750e+00
 -2.0788853e+00
  1.5274238e-02
 -9.3328649e-01
  2.9483613e-01
  3.1949621e-01
  1.7498444e+00
 -7.9794914e-01
  3.0552366e+00
 -8.6649783e-02
  1.8538687e-02
  1.8482250e-01
  4.1377265e-02
  1.8905896e-01
 -3.6281317e-01
 -2.8871870e+00
 -3.4867188e-01
 -3.4843914e-02
 -8.0264294e-01
 -5.1288456e-03
  1.8165216e-01
 -2.1407976e+00
  5.1437724e-01
 -3.1696957e-01
  8.8893110e-03
  8.8730669e-01
 -6.5479445e-01
 -1.1192405e-01
  1.9297636e-01
  1.4763336e+00
  9.3221402e-01
  5.0952528e-02
  2.7918956e+00
 -8.6155035e-02
 -7.8286506e-02
  4.8143643e-01
  5.2691633e-01
  1.1545956e-02
 -2.9649252e-01
  1.6604552e-01
 -8.7369978e-02
 -1.5031988e-02
 -1.5345301e-01
  1.2053921e+00
 -6.4362639e-01
 -3.2141471e-01
 -1.0233556e-01
  1.7889701e+00
 -3.4688997e-01
 -3.1361274e-02
 -7.4897006e-02
  2.3462202e-02
 -5.5044055e-01
  1.8796773e-01
  2.2893915e-01
  3.7650901e-01
  1.6638704e-02
 -2.0349372e-02
  9.1722444e-02
  3.2246724e-01
  3.1006703e+00
 -8.5186012e-02
 -1.5054075e-01
 -1.2908122e-02
 -1.5364963e-01
  2.6835597e-04
  2.5704573e-03
 -8.6848050e-02
  1.3898294e-01
  4.6077743e-01
 -8.8008177e-03
  3.8450992e-01
  7.4425983e-01
 -6.0709985e-03
  2.3355640e-01
  1.2666811e-01
 -2.6760837e-01
  2.5807090e+00
  8.4869856e-01
 -1.5050600e+00
 -2.7009062e-02
  1.0402515e-01
  1.2843096e-01
  9.2875227e-02
 -5.6096721e+00
 -1.7393970e+00
 -2.3539369e-01
 -1.2630296e+00
 -2.1972730e+00
  7.7029705e+00
  1.0144172e+00
 -9.8589081e-01
 -5.3887403e-01
  1.4232092e+00
 -4.4100877e-02
  2.3375983e+00
  9.2261493e-01
 -3.5460022e-01
 -1.6841079e-01
  8.1662840e-01
  1.2942289e-01
 -1.1526064e+00
  3.4111199e+00
  5.0004315e-01
 -1.5162053e+00
 -9.8258913e-01
  1.4427947e+00
 -8.9255661e-01
 -2.0927713e+00
  1.6125414e+00
  8.4863323e-01
 -4.7084682e-02
  6.7549169e-01
  9.4813061e-01
 -5.0219595e-01
 -1.5445280e+00
  7.3024297e-01
  1.9652563e+00
  1.0816502e-01
 -1.7147847e-02
  1.5762731e+00
  1.0297908e-03
 -1.7596915e-01
 -1.3005197e-01
  1.6785567e-01
  7.4085034e-02
 -3.3632407e-01
  2.9936513e-01
  1.9304150e-01
 -2.1650755e-01
 -5.7777729e-02
 -1.1276940e-01
 -2.7354429e-03
 -7.9169020e-02
 -1.3018100e-01
  8.0592118e-02
  2.0837708e-01
 -1.6900444e-01
  1.7546695e-01
 -2.9603231e-01
  1.7633273e-01
  3.9115105e-02
  1.3338458e-02
  3.5319271e+00
 -1.1387197e-01
  2.7135354e-01
  7.6914646e-02
  6.6870205e-02
  3.6019411e-02
  2.4843000e-02
  1.2125212e+00
  2.6296997e-01
  3.3784834e-01
  3.7271667e-01
  7.0995830e-02
 -9.7451925e-02
  8.5950965e-01
  6.4437568e-02
 -2.0353368e-01
 -2.9636140e+00
 -9.2894554e-02
  1.6328584e-01
 -2.5171703e-01
  1.7476580e-01
 -1.9490375e-01
 -1.3158010e-01
 -1.9867681e-02
  8.8178806e-02
 -5.2260804e-01
 -4.1948090e+00
  1.5850091e+00
 -2.7886872e+00
  1.3037190e+00
  3.8299661e+00
  2.1382475e+00
 -2.3244007e-02
  1.3128461e+00
  8.8588107e-01
  1.5277965e+00
  8.6891907e-01
  5.9488660e-01
 -6.5546528e-02
 -8.7046695e-01
 -1.4152797e-01
  1.7027950e+00
  1.1397755e+00
  2.0417781e+00
  4.3352437e-01
  3.4390980e-01
  1.4799308e-03
  4.1003478e-01
 -1.0876257e+00
  5.3864330e-01
  8.0159259e-01
  1.1275307e+00
  1.1791848e+00
 -1.7141014e-02
 -9.6005768e-01
  3.4588137e-01
 -1.7695826e-01
  1.2443199e+00
  4.9306235e-01
  2.8058544e-01
  8.9179404e-02
 -1.0223418e-02
  4.9480599e-01
 -2.3304553e-01
 -5.0006086e-01
 -1.4174520e+00
 -6.8618827e-02
 -8.1521112e-01
 -1.2817992e+00
 -2.9898569e-02
 -3.2099402e+00
 -2.1295907e+00
 -1.7780184e+00
  2.9303768e+00
  2.0598242e-01
 -1.0663507e+00
 -3.4421561e+00
  1.1024962e-01
 -2.2560158e+00
  7.7062808e-02
  4.6951556e-01
  1.2440919e+00
 -4.8611158e-01
 -2.3728564e-01
  1.8950124e-01
 -2.0622075e+00
  1.5940332e+00
  4.1823395e-02
  7.6577288e-01
  2.2686324e+00
  3.3452126e-01
  1.3895182e-01
 -2.9460974e+00
 -7.3389434e-03
 -7.6481724e-01
 -1.0294255e+00
 -1.3482667e+00
  5.4743969e-01
  4.2856906e-02
 -1.1569051e+00
  3.1829188e+00
  6.1347145e-01
 -9.1622933e-04
 -1.7142847e+00
  1.9555854e-02
 -3.5885610e-02
 -4.2707246e-02
  4.5841437e-02
 -1.2347456e-01
  1.2772117e+00
 -7.7956182e-01
  2.9245621e-01
  1.5865870e+00
 -1.8105341e-01
  3.9545063e-02
  2.5113931e-01
  3.2861021e-01
  3.0379601e-02
 -6.2300932e-01
 -1.9635062e-01
  6.5607138e-02
 -2.2029434e-01
 -4.5054169e+00
 -9.4088269e-03
  2.2905844e-01
  2.1220618e-01
 -5.3531642e+00
 -9.1165617e-02
  1.5375268e+00
 -7.4836844e-01
 -1.1524514e-01
 -1.0352245e-01
  1.3383897e-01
 -2.8132823e-01
 -9.1898918e-02
  1.8111715e-01
  6.1281297e-02
  3.5795372e-02
 -2.3534191e-01
 -1.2130635e-02
  2.5506988e+00
 -2.2676302e-01
 -6.7538701e-02
  4.0847879e-02
  3.5709521e-01
 -7.5788558e-03
 -2.3370180e-01
 -1.5263018e-01
 -6.5781206e-01
  7.5383738e-02
  8.9666672e-02
  3.2312977e-01
 -2.7694166e+00
 -5.1836437e-01
 -4.1023874e-01
  7.7906482e-02
  5.4966707e-02
  8.7867624e-01
  2.3342788e-02
 -9.0775549e-02
 -2.4118726e+00
  2.7767414e-01
 -1.0213099e-01
 -2.0027244e-01
 -1.6560936e-01
 -2.6480597e-01
 -8.0188966e-01
 -6.6493070e-01
  1.8520893e-01
 -2.1289947e+00
  4.2504016e-02
  1.0068769e-01
 -3.1137422e-01
  1.2340323e+00
 -4.7391418e-01
 -1.1655750e-01
 -1.1328624e+00
  1.2074794e-01
 -6.5817940e-01
  8.8937414e-01
  3.8831994e-02
  2.0860091e-02
 -2.0508708e-03
  1.1227229e-02
 -4.2950240e-01
 -1.6844998e-01
  1.6372656e+00
  2.4832473e+00
  1.0077572e+00
  3.7609823e-02
  1.4424636e+00
  2.9299247e-01
  6.1890297e-03
 -1.7205104e-02
 -3.6974698e-01
 -9.8995954e-02
  1.1603941e+00
  6.1185616e-03
  5.8351302e-01
  5.1137841e-01
  1.9893943e-01
  1.5471101e-01
  7.9091020e-02
  7.3349662e-02
  2.9858649e-02
  9.7530596e-02
  1.7286064e-01
  6.7068532e-02
  2.4343805e-01
 -1.8541375e+00
 -8.7470815e-02
  6.4976670e-02
 -1.5219420e-01
  7.6341361e-02
  1.5915936e-01
  3.3372756e-02
  2.0489748e-01
  7.9399748e-03
  6.6478901e-02
  1.4170263e-02
 -2.6359969e-01
  1.3858755e-01
 -1.5667446e+00
  2.9736666e-02
  4.1643284e-02
  7.6655731e-02
  8.8531986e-02
  1.5245382e-01
 -2.8293064e-01
 -2.6233327e-02
  1.1023208e-01
  1.5244600e+00
  3.0043701e-04
  1.2838829e-01
 -3.0684227e-02
 -1.0969778e-01
 -1.1483823e+00
 -3.6520649e-02
  1.2381549e+00
 -1.9475858e-01
  1.6220803e+00
  2.2077575e-02
  1.9738429e+00
 -8.5558736e-01
  1.4908549e-01
 -4.6078166e-01
 -4.0748563e-01
 -3.4111691e-01
 -2.6589274e-02
 -1.1616377e-01
 -1.5764493e-01
 -3.1616572e-02
  1.4996117e-01
 -1.7527616e-01
  2.6900932e-01
 -2.4864426e-02
 -9.3715906e-01
  3.3363044e-02
 -1.1911581e-01
  2.7581776e-02
 -6.0568410e-03
  6.0940272e-01
  1.8836757e+00
  1.6490272e+00
 -1.0489486e+00
  6.2843102e-01
 -9.9770591e-02
 -2.2410780e-02
 -2.5351880e-02
  9.6116543e-02
 -1.0728461e-01
 -9.4353050e-02
  6.6099629e-02
 -5.5925425e-02
  1.4246513e-01
 -1.1527342e-01
 -1.6621760e-01
  1.1130526e-01
  9.2798698e-01
  6.5955693e-01
 -8.2761073e-01
  3.7683249e-01
 -2.2864017e-01
 -8.2902914e-01
 -8.0612272e-02
 -2.5305377e-02
  1.2121408e-01
  5.8351640e-02
  3.8244609e-02
  4.2172986e-01
  5.8798635e-01
 -8.1868403e-02
  1.9294263e-01
 -1.9898626e+00
 -6.1529167e-02
 -9.6389711e-02
  2.0050092e-01
  6.3867778e-02
  8.5750386e-02
 -4.6198371e-01
  1.9573810e-02
  6.7001864e-02
 -3.4504330e-01
 -2.3610809e-01
  3.0173692e-01
  2.1970348e-02
 -6.8087451e-02
  1.8249683e-01
  2.9451853e-01
 -1.3701448e-01
  3.4835357e-02
  2.7739501e-01
 -8.1695855e-02
 -1.8276547e+00
 -1.1000867e-01
  2.5979558e-01
  4.2283081e-02
  1.6636771e-01
 -4.0587407e-01
 -1.1091668e-01
 -8.3308828e-01
 -6.8047059e-01
  1.3116433e-01
  1.6023457e-01
 -1.9007213e-01
  2.3430955e-02
 -5.4803129e-02
 -8.5508432e-03
 -1.0062289e+00
  1.2808713e-01
 -1.6689351e-02
  1.0329535e-01
  2.7904864e-03
  2.2250617e-01
  6.5909259e-02
 -4.8449945e-01
 -3.9424255e-02
  7.4009456e-02
 -1.5941148e-01
 -1.0853573e-01
 -2.1726316e-01
  3.6197128e-03
 -7.8049265e-02
  3.6675429e-01
 -1.6102715e-01
 -2.0145270e-01
  3.9172572e-01
  2.3953181e-02
  1.2251358e-01
 -3.0201535e+00
 -9.2695579e-02
  3.8339142e-02
 -7.9081222e-02
 -1.7213867e+00
  9.0748972e-01
  2.2604066e-01
 -4.0165383e-02
 -3.4379619e-01
  1.9076449e+00
 -1.8284209e-02
  2.0513764e-01
  3.8082781e-01
  4.2868190e+00
 -3.6696085e-01
  4.9161685e-01
 -1.2514669e+00
  9.9299419e-01
 -7.3747516e-01
 -1.2184028e-01
 -1.1812159e-01
  3.4834418e-01
  1.1183858e-02
  8.5680388e-02
 -1.4509410e+00
 -2.8302273e-02
  1.3896005e-01
  1.3331625e+00
  3.5721770e-01
  1.8642142e-01
  3.0025609e+00
  2.4117614e-01
 -1.4685370e+00
 -1.9567025e-01
 -3.3331433e-01
  3.3271825e+00
  4.5293793e-02
 -1.6132352e-01
  3.2503736e-01
 -6.2490964e-01
 -3.9346617e-02
 -7.1306354e-01
 -5.6712985e-02
 -1.4868496e-01
  3.3349556e-01
 -4.4037096e-02
  1.0146040e-01
 -2.6474378e-01
 -5.6900215e-01
  7.7187067e-01
 -2.7160777e-02
  3.9218104e-01
  4.6281025e-02
  1.4708277e+00
 -9.3450733e-02
  2.4650458e-01
 -3.4837417e-02
 -6.5708935e-01
 -1.2067576e-01
  2.8895921e-01
  7.9146855e-02
  2.9163757e-02
 -2.3921007e-01
 -4.1200942e-03
  1.5763998e-01
 -2.4889794e-01
 -7.6813385e-02
  1.7353502e-01
  5.7612527e-02
 -1.0911689e-01
  1.8019378e-01
 -7.4627608e-02
  6.4856343e-02
  8.3982944e-02
 -6.4215615e-02
  9.6004441e-02
  5.2067555e-02
  8.4866136e-02
 -2.1225739e+00
 -9.0798987e-03
 -4.5599945e-02
 -2.8764546e-01
  2.7861074e-01
 -5.3836501e-01
 -1.9269840e-01
  1.4456548e-01
  1.2884593e-01
  1.6428375e-01
  5.6883585e-01
  2.7721539e-01
  7.3046975e-02
  2.3535594e-01
  1.7046394e+00
 -1.1957715e-01
 -4.0721856e-02
 -1.9317351e-02
 -6.4891890e-02
 -3.6127993e-01
  2.6558135e+00
 -2.7841907e+00
  1.4872706e+00
  1.8024938e-01
  1.4561591e+00
 -8.2081205e-01
 -2.6300001e-01
 -6.9310951e-01
  1.7024970e-01
 -9.0505958e-02
 -3.6432572e-02
 -1.1061410e+00
  2.5783658e-02
 -1.4506093e-01
  9.4473086e-02
  1.0800142e-02
  4.4449276e-01
  2.2354381e-01
  4.7645073e-02
 -8.2528464e-02
 -7.0876437e-01
 -2.0687129e+00
  7.9939574e-02
  4.8010621e+00
  2.9686153e-01
 -6.6735312e-02
 -1.5511867e-01
 -5.6909633e-01
 -1.7033844e-01
 -1.8907608e-01
 -1.1745641e-01
 -9.7798653e-02
  1.4726236e-01
  5.4186727e-03
 -3.1334043e-02
  3.0455978e-03
  2.2116545e-01
  1.3527021e-01
 -2.8287145e-01
 -7.8261308e-02
  2.3445351e+00
  1.8461601e+00
  8.5231578e-01
 -1.8990318e-01
  6.6662931e-01
  1.9360929e+00
 -3.6714718e-01
 -3.6550725e+00
 -9.4961315e-01
 -2.4214637e+00
 -2.1104932e+00
  1.5616797e+00
  1.0063673e+00
  1.5361862e+00
  1.7350863e-01
  2.1882761e+00
 -2.5372634e+00
  4.9123268e+00
 -2.5078380e+00
 -2.0699456e+00
  1.8564095e-01
  2.2307906e+00
  2.4591734e+00
  1.6342695e+00
  1.1185679e+00
  2.1334534e+00
 -1.7549934e+00
 -4.3502593e-01
 -3.6721990e+00
 -1.0877830e+00
  1.6169537e+00
 -1.6127468e+00
 -1.4784553e+00
  1.9879223e+00
  1.7475767e+00
  9.4396478e-01
  2.8215234e+00
 -1.2584046e-02
  2.8439136e+00
  3.4771493e-01
  1.0724320e-01
 -1.4120215e+00
 -1.2719830e+00
 -3.0495150e+00
 -1.6741675e+00
  1.6405034e+00
 -2.7131042e+00
 -6.3164961e-01
  2.5485678e+00
  1.5929809e+00
  3.6603305e+00
  6.0914545e+00
 -1.0934663e+00
 -1.7499040e+00
 -4.2119770e+00
  1.0437961e+00
 -2.6438284e+00
 -4.2453246e+00
 -2.2680497e+00
 -8.5876822e-01
 -9.8548096e-01
 -3.8017124e-01
  2.7032840e+00
 -3.4129235e-01
  3.5009954e+00
  1.6565386e+00
 -2.4377534e+00
  2.8656828e+00
 -3.8350658e+00
 -1.6786193e+00
  2.4325442e+00
  2.3121617e+00
  1.6498294e+00
  2.7198038e-01
  1.3552842e+00
  4.6625452e+00
 -4.1838884e+00
  1.3505751e+00
 -1.9806683e+00
  8.4243196e-01
 -1.9856614e+00
  5.7848841e-01
 -3.9519942e+00
  2.1584003e+00
  5.4880238e+00
 -4.2561394e-01
  3.6868939e+00
 -3.3599486e+00
  4.1149316e+00
  3.1060889e+00
 -1.3731632e+00
 -1.2820436e+00
 -4.6941519e+00
 -3.6960423e+00
 -3.9597976e+00
  2.7635529e+00
 -3.0326779e+00
  4.5172670e-01
  2.6884229e+00
  5.6514325e+00
  1.4441483e-01
 -1.4663477e-01
 -3.4971286e-02
  2.0694195e-01
 -1.3190206e-02
 -1.4701451e-01
 -1.5771741e-01
 -9.2442648e-04
  6.7142919e-02
  9.3793124e-02
 -9.2992872e-02
 -2.2507685e-01
  3.7728082e-02
 -3.0666175e-01
 -6.5573469e-02
 -8.0447361e-02
  1.4121687e-01
 -1.7768884e-04
 -2.1753209e+00
 -1.7268528e+00
  1.1871187e-01
  2.8981990e-01
 -6.6025294e-03
  1.3505235e-01
 -6.8833061e-02
 -1.3970108e-01
 -7.5568952e-02
  1.1638421e-02
 -2.4816446e-02
 -2.5201220e-02
 -1.2042660e-01
 -2.1110748e-01
  2.3466696e-01
 -1.6566060e-01
 -9.3925692e-02
  6.9945052e-02
  2.0615827e-01
 -2.1088982e-01
 -6.0433596e-02
 -8.4260367e-02
 -4.5583606e-01
  3.3034042e-02
  5.9820521e-01
  2.0026168e-01
  2.1696508e-01
  5.3634040e-02
 -1.5791816e-01
 -4.9674388e-02
 -1.4055244e-02
  1.6392475e-01
 -4.5990748e+00
 -2.1678343e+00
 -2.7517703e-01
  1.2521486e-01
 -2.9377523e-01
 -2.0095188e-02
  1.1621124e-01
  5.9483252e-02
 -2.9752833e-01
  1.6123010e-01
 -6.1208311e-02
 -3.1341822e+00
 -2.2961800e-01
 -9.0408111e-01
 -6.4385867e-01
 -1.1934821e-01
  8.0869831e-02
  5.1547106e-02
 -3.7684010e-03
  2.4706325e-02
 -2.3201966e-01
 -1.0708958e+00
  1.5552145e-01
 -3.5754638e+00
  3.7899096e-02
 -6.6693626e-02
 -3.0844718e-01
 -7.1784478e-01
 -1.2511668e-01
  6.3619688e-02
 -1.5806375e-01
 -5.7124242e-02
  1.6087332e-01
 -1.4545970e-01
  1.3100104e+00
 -1.8799411e+00
 -1.1858890e+00
  5.9644094e+00
  5.2320570e-02
  6.6328454e-01
 -5.3674722e+00
  1.5258330e+00
 -1.8228905e+00
  1.9709523e+00
 -1.7807232e-01
 -1.2195171e-01
 -2.7363749e-02
 -3.2347202e+00
  6.9917612e-02
 -4.7758579e+00
 -6.3602841e-01
 -2.6575196e+00
 -1.7946091e+00
 -8.4472674e-01
 -4.2343869e+00
  5.0720509e-02
 -4.2883272e+00
 -1.8552436e+00
 -5.4021001e-01
 -1.7981735e+00
 -2.9531686e+00
 -4.9125772e+00
 -1.1768778e-01
 -3.6252983e+00
 -7.3038769e-01
 -5.4653978e-01
 -2.0339768e+00
 -1.3927747e-01
 -2.4890265e+00
 -2.0908427e+00
  5.8388191e-01
 -1.3258083e+00
 -3.5613782e+00
  2.0611014e-02
  1.3131814e-01
 -2.7813203e+00
 -2.1259692e+00
  1.0598604e-01
 -7.7379122e-02
 -9.5274016e-02
 -5.2857362e-02
  7.5264201e-03
  6.8136460e-01
  8.2125328e-03
 -1.7885101e-01
 -1.2143596e-01
 -1.0199355e+00
 -1.5751799e+00
  1.3401555e-01
  1.1773254e-02
 -6.4129971e-02
 -5.9154458e-02
 -7.1919566e-01
 -3.2905826e-01
  3.5265688e-02
 -1.9918701e-01
  8.0812389e-01
  3.7648018e-02
  1.5139273e-01
 -8.0310754e-02
 -1.0060487e-01
  2.7455660e-02
 -5.4646480e-01
 -2.2937255e-03
 -1.2917143e-01
 -6.6221945e-02
  3.2533083e-02
 -6.8344377e-02
  1.4818643e-01
 -1.2526082e-01
  7.2458881e-04
 -7.4784025e-03
  7.9582117e-02
 -2.2096255e-01
 -5.8162129e-01
  2.3478820e+00
  4.0949121e-01
 -1.0971588e-01
  6.3016903e-01
 -3.1939986e+00
 -1.1669651e+00
 -1.9319829e+00
 -2.0894407e-01
 -1.1860014e+00
 -2.0763611e-02
 -9.6230239e-01
 -1.2518491e+00
  5.9373591e-02
 -3.4856901e-01
  4.0322140e-01
  2.2677305e+00
  1.9677773e+00
 -1.1895990e-01
  1.5759357e+00
  2.2045261e-01
  5.5916525e-02
  5.7667184e-01
  2.6712170e+00
  1.4054503e+00
  2.2799391e-01
  3.7325530e+00
  1.6154412e+00
 -2.1220288e+00
  3.1943853e+00
  3.3020258e+00
  1.3283181e+00
 -1.5096910e-01
  2.6447302e-01
  1.2583962e-01
  1.5881853e-01
  6.5021658e-01
  2.8097458e+00
  2.6626568e+00
 -7.5430614e-01
  6.0176253e-01
  1.9945413e-02
 -1.0146403e-01
 -6.2564546e-01
 -3.7314624e-01
  3.5785077e-05
 -2.9087177e-01
 -7.5719380e-01
  1.1417521e+00
 -2.7552792e-01
  4.6208474e-01
  2.8034723e+00
  6.8092763e-01
 -1.3987902e-01
  1.6499254e-01
 -3.2939877e-02
 -8.4706306e-02
 -2.2096047e-02
 -5.1195896e-01
 -9.9865723e-01
  5.2193779e-02
 -2.9711497e-01
 -1.2666118e+00
 -1.5803397e-02
  8.9630738e-02
  5.4304996e+00
 -1.4462563e-01
  4.3765378e+00
 -7.7981699e-01
 -7.7464235e-01
 -2.2825572e-01
 -2.9793558e-01
 -2.0039054e-02
 -1.0123401e+00
 -6.2496182e-02
  5.2873943e-02
  8.2188211e-03
  8.3771150e-04
 -5.8448706e-02
  2.7446127e-01
  3.6982466e-02
 -4.6260655e-02
 -1.0213485e-01
 -1.9989677e-01
  5.7774633e-02
 -7.8909934e-01
 -3.8586535e-02
  2.5486636e-01
  1.4655534e+00
 -9.5233393e-01
 -2.6824088e+00
 -1.2581382e+00
 -2.5593808e+00
  1.1258633e+00
  3.0236213e+00
  6.4017189e-01
 -8.5553133e-01
  8.3871037e-02
 -3.5250035e-01
  6.7963630e-02
  4.0006381e-02
  9.4711637e-01
  8.9138329e-02
  2.5570312e-01
 -5.9146836e-02
 -6.8516448e-02
 -4.6694803e-01
  1.5207114e-02
  3.2784975e+00
 -1.1960667e-02
 -3.5389152e-01
 -1.8182148e+00
 -9.5736861e-02
  5.8968180e-01
  1.2410269e+00
  8.7784380e-01
 -2.5146713e-02
  1.9038296e-01
 -2.4283514e+00
  1.3640253e-01
  5.2822626e-01
  5.3929985e-01
  5.7354640e-02
 -9.9660913e-03
  5.9949223e-02
  1.1209571e-01
 -4.4292569e-01
  1.3620069e-02
  1.2939996e+00
  1.1983225e+00
 -3.6778659e-02
 -1.4561638e-01
 -1.4184451e-01
  2.8649116e+00
  7.9266310e-02
  1.5071069e-01
 -2.0075981e-02
  8.5250080e-01
 -1.8550221e-02
 -2.2668290e-01
 -9.1387317e-02
 -3.0797703e-02
  8.4306754e-02
 -1.3072652e-01
  1.6385746e-01
  9.8680735e-02
  1.9359489e-01
  1.0865542e-01
 -1.4130494e-01
  5.1295835e-01
 -4.6145510e-02
  2.2512348e-01
  3.3232751e-01
 -2.1009643e-01
  1.2070908e-01
  5.1673315e-02
  1.5384924e-01
 -9.0490550e-02
  1.8184083e+00
  1.2534044e-03
  4.5193691e-02
 -8.6097795e-01
 -1.4024030e-01
 -4.1869271e-01
 -2.4710121e-02
 -9.2480436e-02
 -1.8905842e-01
 -4.8306594e-03
 -8.0917969e-02
 -1.6250185e-03
  2.7535596e-01
 -1.8779531e-01
  4.5893613e-01
  2.6329577e+00
  5.2998006e-01
  2.0645595e+00
  1.7674342e+00
  1.3176212e-01
  8.7123382e-01
  5.5408573e-01
  1.9088910e+00
  6.6679937e-01
  1.3750507e+00
  9.2381358e-02
 -1.3375648e+00
  8.4205687e-01
 -2.4025664e+00
  1.5347077e+00
 -1.4256349e+00
  1.0550138e+00
 -8.6927414e-01
 -2.4499056e+00
 -1.5976614e-01
 -1.2089072e-02
 -4.8820850e-01
 -8.3601791e-01
  2.3825666e-01
  1.0942059e+00
  2.2852287e-01
 -1.0954638e+00
  1.5219328e+00
  7.4611878e-01
  1.2163880e+00
 -9.7693406e-02
  7.8877762e-02
  1.3112816e-02
 -2.0692368e+00
 -2.0116131e-01
 -2.3331504e+00
  1.3988236e+00
  1.4590953e-01
 -9.2118278e-02
  2.4519075e-01
  4.9299922e-02
  1.1273077e+00
 -1.9169571e+00
 -1.1740468e+00
 -1.7726485e+00
 -3.2005900e-01
  4.4775951e-01
 -2.3229735e-01
 -3.8519517e-02
 -1.3671739e+00
  1.1099402e+00
 -4.2825915e-02
 -1.2769936e-01
  6.2205493e-01
 -4.9505587e+00
  1.4509521e-01
 -2.1244046e-01
  9.5588344e-01
 -1.7235090e-01
 -7.9278626e-02
  1.2728362e+00
  4.6926308e-01
 -1.2388828e-01
 -2.9664353e-01
 -9.8324111e-03
 -3.2695156e-01
  8.3920014e-01
  4.4169381e-02
 -3.0179682e-01
  1.0640864e+00
 -8.0739778e-01
 -2.4228468e+00
  2.0275326e+00
  2.1255255e+00
 -1.4129032e-01
  7.4887976e-02
 -6.1352503e-02
 -8.5330456e-02
  2.1578151e-01
 -2.1073520e-02
  5.1992279e-02
 -2.5377235e-01
  2.1878510e+00
  9.3611604e-01
 -1.4393086e+00
 -3.3745885e-01
  8.3115870e-01
 -2.9988831e-02
  9.5454931e-01
 -1.7736096e+00
  1.5612407e-01
 -1.5704536e+00
 -1.0442691e+00
 -2.4942221e-02
  2.5428617e-01
  2.5815639e+00
  7.2207576e-01
  6.2858242e-01
  2.1925192e+00
  2.3138082e+00
 -2.3965532e-01
 -2.6500251e-02
  2.2055962e+00
  3.2913235e-01
 -4.1533839e-02
  8.2847819e-02
  1.2764689e+00
  3.2481587e-01
  3.3546096e-01
  1.1747059e-01
 -2.1127243e-01
  1.7431301e-01
  6.8396378e-01
  6.2179137e-02
  7.7591860e-01
  5.5493546e-01
  1.1746031e+00
 -1.0491036e+00
 -2.6022580e-02
 -7.1675204e-02
  6.8529141e-01
 -7.4195452e-02
  2.7656984e+00
  3.2178974e-01
  3.0856586e-01
  3.4067914e+00
 -1.6923733e+00
 -2.2817636e+00
 -6.4640421e-01
  8.1866771e-01
  8.7596869e-01
  2.2150803e-01
  2.4768572e+00
 -1.1675546e+00
 -3.5241327e-01
 -5.4335433e-01
  8.2836732e-02
  1.0808962e-01
 -2.0861290e+00
  2.1844909e-01
 -1.8930584e+00
 -3.2065809e-01
 -1.1475164e+00
 -2.6373407e-01
  3.8397171e-02
 -1.3314399e+00
  7.4821040e-02
 -1.4525832e+00
 -1.3242905e-01
 -1.3150023e+00
 -9.4849139e-01
  1.9777435e+00
  6.7798592e-02
  1.4625998e-01
 -1.4689223e+00
  5.9719324e-01
 -1.2853932e-01
 -2.1389956e+00
 -2.2445998e+00
 -1.3502851e+00
 -3.0957389e-01
 -1.8249641e-01
 -4.8503602e-01
  5.2309126e-02
 -1.9008847e-02
  2.2140230e-01
 -3.7503192e-01
 -1.0776614e-02
  5.8832419e-01
  8.9456160e-03
  1.7718650e-01
 -1.4829457e+00
  2.6570624e-02
  1.1145821e-01
  4.7282349e-02
 -1.4284262e-01
 -3.9692163e-02
  2.1920672e-01
 -3.8661164e-01
  1.0748100e-01
 -7.0693032e-03
  2.2432841e-01
  6.9208823e-02
 -3.2011719e-04
  5.0889570e-02
 -2.0519178e-01
 -1.7511132e-01
  6.2531941e-02
  5.5335868e-02
 -8.8320807e-02
 -2.4406050e-01
 -1.1570235e-01
  1.1622270e-01
 -1.8716046e-01
 -2.9942196e-02
  2.8808209e-01
 -5.5464110e-03
 -6.8338037e-02
  1.0892162e-01
  2.0738675e-01
 -2.9523468e-01
 -4.1489252e-01
 -1.1492874e-02
 -3.2226110e-01
  1.4778297e-02
 -2.9846576e-01
 -4.3738118e-01
  3.7359145e-02
 -3.2102459e-03
 -8.1183958e-01
 -1.6377746e+00
 -1.3981367e+00
 -7.7132726e-01
  5.3688982e-03
 -1.2577385e+00
 -3.3321130e-01
 -1.0420420e-01
  1.0120070e+00
 -9.6007538e-01
  2.4689798e-01
 -3.0901137e-01
 -2.7146108e+00
 -3.5675783e-02
  7.1752869e-02
 -2.2042410e+00
 -4.1109884e-01
 -1.7354506e-01
 -1.0571544e+00
 -2.6595469e+00
 -8.3497417e-01
 -3.2007417e-01
 -2.4411895e+00
 -2.5422544e+00
 -2.5154895e-01
  1.3039087e-01
  2.5678121e-02
 -1.0641040e-01
 -3.8845590e-01
 -6.9373488e-01
 -1.4902788e-01
 -1.1662618e+00
 -2.1801326e+00
  4.6063870e-01
  5.3758419e-04
  1.5910871e-01
 -6.1968410e-01
 -7.6104783e-02
 -8.0442315e-01
  7.9075500e-02
 -1.7223747e-02
 -1.0829944e-01
  4.3650687e-02
 -3.6754701e-01
  2.6584018e-02
  3.7323606e-01
  8.1956401e-02
  8.9552619e-02
 -5.0262040e-01
 -2.0462745e-01
  1.7361398e-01
  1.0811878e-02
 -1.2164594e-01
 -1.0926707e+00
  2.2689527e-01
  7.1655072e-02
 -2.9198399e-01
 -5.3976707e-02
  2.5632301e-01
 -8.3486177e-02
  2.1279118e+00
 -4.2579155e-02
 -2.3878989e-01
  2.5702523e-02
  7.5179175e-02
 -1.5754953e-02
  3.7883613e-02
  8.2020156e-02
  8.3716340e-02
 -1.3986194e+00
 -1.3411096e-01
  7.6033585e-02
  1.0798815e-01
 -9.5761880e-02
  2.3598345e-02
  1.8034168e-01
  1.6863100e-01
 -1.4916833e-02
 -2.3246123e-01
 -1.3965726e-01
 -1.7289162e-01
 -1.7545083e+00
  1.1230507e-01
  1.9342381e-04
  4.3344967e-02
  2.9503724e-01
 -1.8505880e-01
 -1.0913091e-01
  9.8034406e-01
 -2.3014963e+00
  1.6730969e+00
  3.0896848e-01
 -3.7872705e+00
  8.5095704e-02
  9.2650056e-02
  1.9172356e-01
  1.1514629e-01
 -5.4445231e-01
 -5.5245984e-01
 -5.2769704e+00
 -6.1291099e-01
  5.9700463e-02
  5.9626883e-01
  2.4931882e-01
 -3.0265874e-01
 -6.7408621e-01
 -1.6401379e+00
 -1.1244841e+00
 -3.0620939e-01
 -1.7661256e-01
  3.8113706e+00
  2.6337283e+00
 -4.6843496e-01
 -8.8578880e-01
  1.3644297e-01
  1.8717968e+00
 -7.5259280e-01
  7.5589669e-01
 -2.5008523e+00
 -4.6793738e-01
  2.2938725e-01
 -3.8134068e-01
  4.6201438e-01
  5.2603941e-02
  3.8818666e-01
  4.5357993e-01
  3.3570188e-01
 -3.4935806e-02
 -1.1693323e+00
 -2.1627496e-01
 -2.2670864e-01
 -2.3406644e+00
  9.7981235e-03
 -1.1229983e-01
  2.6553128e+00
  7.4596331e-02
  8.1904843e-02
  4.2576620e-01
  1.6651291e-01
  1.8848121e-02
  2.6659214e-01
 -1.4828111e-01
 -1.2655606e-02
  3.2196347e-02
  2.5825858e-01
 -2.3762353e-02
  1.6105461e-01
 -6.7537958e-03
 -9.6831942e-01
  2.2813623e-01
 -1.6785660e-01
  1.1881661e+00
 -4.5234818e-02
  4.5640175e-03
  1.6808935e-02
 -5.2302364e-02
  1.6045234e+00
 -1.0479037e-01
 -1.7037749e-01
 -3.6323529e-03
 -1.3673036e-01
 -1.2911987e-01
  3.7966424e-01
  1.7205358e+00
 -7.5873151e-02
 -3.5739761e-02
 -6.5201300e-01
 -2.5344756e-01
  4.2991102e-01
  1.2362359e-01
  1.9331585e-01
 -5.4586005e-01
 -2.5788319e-01
 -2.3425724e-01
  3.1637001e-01
  9.8062873e-01
 -4.9077502e-01
 -9.9836498e-02
  1.6729625e-02
  1.0273092e-01
  1.9274023e-01
  5.3989720e-01
 -1.0068494e+00
 -8.0405297e-03
 -2.9202786e-01
  3.4470428e-03
 -7.0266716e-02
 -2.9700238e-01
  1.6370045e-01
 -2.7962765e-02
 -2.5686988e-04
  6.5603599e-02
  3.0340934e-02
 -1.2483453e-01
  5.4061998e-02
  1.0465309e-01
 -2.0018874e-01
 -2.8317796e-02
 -3.2687113e-02
 -4.1877937e-02
  8.0590121e-02
 -3.0163292e-02
 -3.3438582e-02
 -7.8964591e-02
 -1.4274395e+00
  1.0550879e+00
  8.7350093e-02
 -7.3578306e-02
 -4.0327381e-02
  1.0128040e-01
 -2.8643496e+00
  3.3303432e-02
 -7.1983775e-03
  1.2477336e-01
  2.4341731e-01
  1.4788759e-01
 -2.4873991e-02
  4.3582306e-03
 -1.9537735e+00
 -1.0721201e-01
 -8.3150625e-02
  5.1086530e-02
  1.6811916e-01
  3.5204872e-02
  4.1568384e-02
  1.0376359e-02
  8.8435543e-01
 -6.1262004e-02
 -5.7240307e-02
  2.7286351e-02
  2.5552112e-01
  1.2470292e-01
  9.2669956e-02
  1.4585287e-02
  2.6318304e-02
  6.7428946e-02
 -2.4443956e-01
  1.2070583e-03
  2.3187775e-02
  7.2235152e-02
  9.0695275e-03
 -6.2188625e-01
  4.0806979e-02
 -2.1242690e-01
  2.1193966e-01
 -1.7874615e-01
 -1.7827938e-01
 -5.5773337e-03
 -5.3253613e+00
  5.6801964e-02
  1.4973867e-01
  1.4669779e-01
  5.8440102e-05
  2.3484986e+00
  1.3010468e-01
 -3.1175420e-01
 -1.1895795e+00
  1.3122545e+00
 -5.6101116e-03
 -8.7948121e-02
 -1.8530129e+00
  4.0410701e-02
 -4.1056567e-01
  1.2364924e-01
 -1.6189559e-01
 -9.6738979e-02
  1.2380120e-01
 -7.3899889e-01
  5.9670317e-03
 -2.3617636e-01
  2.3255956e+00
 -1.0733832e-02
 -5.8858293e-01
  1.8581672e-01
 -1.1210451e+00
 -1.3339455e-01
 -1.8877971e+00
  6.9104269e-02
 -2.2122730e-02
  8.7886989e-01
  8.8884039e-03
 -5.9244519e-01
 -1.0361417e-01
 -2.9590949e-01
 -7.7617108e-03
  9.3397743e-01
 -6.5422803e-02
  4.7240511e-02
 -3.6965013e-01
 -1.6284724e-01
  1.8442656e-01
 -4.1674986e+00
 -8.4265804e-01
  6.8919353e-02
  8.9501873e-02
  7.3641129e-03
 -1.1127461e-01
 -4.0717265e-03
 -1.3599513e-01
 -1.4255431e-02
 -9.3453690e-02
  5.1775783e-02
 -1.0688186e-01
  9.7748786e-02
 -5.4897481e-01
 -1.3870959e-01
 -1.4394005e-01
 -4.3020554e-02
 -1.0537875e-01
  2.1215551e-02
 -5.0520565e-02
 -6.4124107e-02
 -1.2134150e-02
  2.9096050e-02
  9.8989137e-02
  4.1941516e-02
 -1.3714844e-01
  5.9207046e-01
  1.2543066e-01
  2.2048245e-01
  4.1964110e-02
  5.0715987e-02
  7.7171689e-01
 -6.0298081e-02
 -3.6275989e-01
 -1.2144480e-01
 -1.8545769e-02
 -6.4532292e-01
  7.5001858e-02
 -6.2707734e-01
 -6.7007512e-02
 -2.7866555e-02
 -4.3767944e-02
  2.2009442e-02
  5.4862303e-01
  3.4852822e+00
 -7.8927875e-02
  9.1152325e-02
 -3.7387887e-01
 -2.5995880e-01
  4.9044926e-02
  4.2947169e-02
 -9.3211645e-01
 -5.1778555e+00
 -7.1607578e-01
  1.4424719e+00
  7.5944185e-02
  1.7321603e-02
  2.4158192e+00
  9.3951091e-02
 -4.7840843e-01
  6.4290352e-02
 -7.8338966e-02
  1.0933653e+00
  2.2096929e-01
  5.7658753e-03
  4.5108432e-01
 -3.1227577e-01
 -5.8555122e-02
 -2.0799153e-01
  4.0897809e-02
  1.8107775e-01
 -5.6911338e-02
 -3.1722629e+00
  1.6440530e-01
  9.7324383e-03
  1.7964486e-02
  7.3531651e-01
  9.3119048e-02
  5.0945308e-02
  3.8446814e-02
 -6.8239778e-02
 -6.7042314e-02
 -9.6907377e-02
 -2.3096879e-01
  9.2124537e-02
  3.9264592e-05
 -1.8038258e-01
  1.3876161e-01
  8.0149031e-01
  6.2462287e-03
 -1.0535124e-02
 -1.3528077e-01
  4.6696611e-02
  6.5122262e-02
  3.0237791e-01
  1.9501895e-01
 -5.1399803e-01
  1.0281011e-01
 -8.0975676e-01
 -6.7269355e-01
 -9.8103844e-02
  1.6624700e-02
 -1.1851915e+00
  1.5387057e-01
 -2.0450762e-02
 -2.2444613e+00
  3.1465748e-01
  2.1251027e-01
  8.3897850e-03
 -1.6183129e-02
  1.3196662e-01
 -1.9843055e-01
  1.6284312e-01
 -1.5532115e-01
  2.2123384e-01
  2.4387338e+00
  7.6322919e-03
  2.0282920e-02
 -4.3359051e+00
  2.8325397e-01
  4.4922627e-04
 -1.7992859e-01
  1.4942981e+00
  2.2601515e-01
  1.9044789e-02
 -8.8575415e-02
 -2.2334355e-01
  9.1760904e-02
 -1.1057599e-01
 -6.2855238e-01
  5.2963072e-03
  4.3150507e-02
  1.5677637e+00
  2.3033040e-02
  1.0885414e-01
 -3.6498289e+00
 -2.4345763e+00
 -4.7302414e-02
  6.4115524e-01
 -3.6526173e-01
 -1.0149755e-01
  8.6216815e-02
 -1.0551599e-01
  3.1037353e-02
  4.7843210e-02
 -4.9075657e-01
 -5.1736379e-01
  9.0239829e-01
  2.9670331e-01
 -4.6152765e-01
 -1.5311357e-01
  5.5407000e-01
  3.8457915e-02
 -4.8933551e-02
 -1.6498910e-02
 -9.2562956e-01
  3.8124233e-02
  3.0433062e-01
 -9.2449921e-01
 -1.3649328e-01
 -7.0146866e-02
  1.4039029e-01
 -2.5140928e-02
 -2.0582078e-02
 -1.0708956e+00
 -9.1390914e-01
 -2.6365423e-01
 -1.1497990e-02
 -3.7018073e-01
 -2.2698669e+00
 -2.5669575e-02
 -2.7784252e+00
  1.2123621e+00
  1.2426264e+00
 -2.0336704e+00
 -4.8105556e-01
 -1.4927270e+00
 -5.7502031e-02
 -2.9236324e+00
  4.4986305e-01
 -1.8755429e+00
  2.7416754e-01
 -6.6638654e-01
 -2.0149295e+00
  2.4278090e+00
 -3.5677569e+00
  4.7904758e+00
  4.2193387e-02
 -7.2473972e-03
 -2.1734579e-01
  4.5425022e-01
  6.3602559e-02
 -2.3680868e+00
  2.1425674e+00
  3.0362835e+00
  1.5973602e-01
 -2.8929669e-01
  1.5016710e+00
  8.4402585e-01
 -1.3618631e+00
 -2.5752470e+00
  1.3061653e+00
 -1.1602759e+00
  1.6635269e+00
  2.4414332e+00
  1.2518016e+00
  5.1208414e-02
  2.8716849e-02
 -6.5215617e-01
  4.0904112e-02
  8.3589536e-01
 -5.4012609e-01
  1.0926803e-01
 -1.5978847e+00
  1.0051851e-01
 -1.3635026e-01
 -1.4561963e-01
 -5.0844951e-03
 -2.1923240e-02
  3.1427782e-02
 -9.2988051e-03
 -2.2958097e-01
 -1.7959645e-01
 -1.7802273e-01
 -1.8748440e-02
  5.4083470e-02
 -6.8216943e-03
 -1.5964484e-01
  6.3270791e-03
  1.6318984e-01
  1.1780124e-01
 -1.5814137e-01
 -6.0737762e-03
  4.7157615e-02
  1.9128639e-01
 -5.2797545e-02
 -5.9265840e-01
  1.6421609e-02
 -2.2289297e-01
 -9.3925321e-01
  1.4486682e-03
  9.0785898e-02
 -5.5756807e-02
  2.8967685e-01
  2.5042760e-01
  1.2803867e-01
  2.6131275e-01
  2.7774518e-02
 -1.8286225e-01
  1.1631119e-01
 -9.0326302e-02
 -1.6359848e-01
 -1.0215247e-01
  8.5954718e-02
  5.5559957e-01
 -2.2479479e+00
  1.5955366e+00
  5.1813837e-02
 -1.1601276e-01
  2.3023026e-02
  1.0614557e-01
  6.6886431e-01
 -1.1488202e-01
 -6.6815436e-02
  3.6599439e-02
  1.3882196e-01
 -1.3543423e-01
 -6.8852812e-02
  3.7657508e-01
  8.9350380e-03
  2.4548580e-01
  4.4143000e-01
  9.7058706e-02
 -2.1316338e-01
  4.8252743e-02
  3.5978906e-02
  8.9951493e-02
 -2.4961758e-02
 -6.1116400e-03
 -4.8024026e-01
  5.8138724e-02
 -1.3767259e-01
 -1.5140758e-02
  2.5248036e-01
  3.3372879e-01
  1.0024545e-01
 -1.2325554e-01
 -3.0354684e-02
 -4.0158585e-01
 -6.7229189e-02
  5.6666628e-02
  1.1668815e-01
 -6.7317627e-02
  3.4982041e-02
  4.4233788e-02
  7.3456623e-02
 -3.6450049e-01
  7.7821575e-02
  1.4431871e-01
 -4.0429786e-02
  2.9685913e-02
 -2.0140510e+00
 -3.7531286e-01
 -8.7709987e-01
 -4.8748860e-01
  1.0807586e-01
  2.6789489e-01
 -8.7833688e-02
  1.3687715e-01
 -3.8360214e-01
 -8.8460326e-02
 -5.4814592e-02
 -2.5319204e-02
 -8.7341800e-02
 -1.7759354e-01
 -2.8870715e-02
  1.5594575e-02
  1.7843963e-01
 -4.9673423e-02
  4.0229145e-01
 -6.1412472e-01
 -1.8041445e-02
  8.6713094e-01
 -2.4397750e+00
 -4.0979570e-01
 -4.7269203e-02
 -6.3330002e-02
 -7.6702964e-01
  5.7471618e-03
  1.1417693e-02
  2.2308033e-02
  2.8054655e-01
 -3.6802828e+00
 -2.1619037e-01
 -2.3761286e-01
 -1.7611902e+00
  2.2343302e-01
  1.0508686e-01
 -9.3594231e-02
  4.2040496e+00
 -2.3012207e+00
 -1.9429170e+00
 -1.6008964e+00
 -1.2683998e+00
  3.1415431e+00
  7.6622641e-01
  2.7775645e+00
 -3.2725093e+00
  1.8804311e+00
  2.8318450e-01
 -5.7412833e-01
 -1.1554465e+00
  3.2336295e-01
  5.6094253e-01
 -2.2467039e+00
 -1.8895376e+00
 -2.2229563e-01
  1.7265810e+00
 -2.9956307e+00
 -3.7293902e-01
  4.0465221e+00
 -5.5902284e-01
  1.0261269e+00
 -1.8383288e+00
  2.4163976e+00
 -2.1529540e-01
  4.3419251e-01
  1.0397304e+00
 -2.1930134e+00
  1.4150628e+00
  5.0543927e-02
  8.1113988e-01
 -9.2159575e-01
  9.3358213e-01
 -3.2655060e+00
  3.1836170e-01
  1.2562710e-01
 -3.2480154e-02
  8.1164426e-01
 -9.6596293e-02
  4.8057881e-01
  1.4014210e+00
  1.2794434e+00
 -8.3266437e-01
  5.2351999e-01
  5.1657330e-02
  7.0075408e-02
 -1.5591224e-02
  2.3929128e-01
 -1.9987516e-01
  4.3439832e+00
  1.2943661e-01
  1.0236609e+00
 -8.4612668e-02
 -2.2517921e-01
  1.0271728e+00
 -1.0424888e+00
  1.7489582e-01
  2.9345998e-03
  1.4401086e-01
 -2.0439668e-01
 -3.8391691e-01
  1.7286315e+00
 -1.9354279e+00
 -6.1996269e-01
 -3.8492963e+00
  8.9214735e-02
 -1.6157170e-01
 -5.4684931e-01
  2.7134273e-02
 -1.3780926e-01
 -2.6437342e-01
  3.5954663e-03
  1.2234978e-01
  5.7335585e-02
 -2.8337577e-01
  2.1039189e-01
 -9.7120740e-02
  3.7871182e-02
 -5.2801501e-02
 -1.3365677e-02
  5.1161968e-03
 -2.2142526e-02
 -1.9049361e-01
 -2.0476932e-02
 -6.1276504e-03
 -1.1166411e-01
  2.5684321e-01
  2.0649229e-01
  7.5654872e-02
  8.9434227e-03
  1.0452407e-03
 -1.2296511e-01
  5.6451529e-02
  3.9678591e-01
  1.5483173e+00
 -5.8687713e-02
  5.4462079e-02
  1.6694186e+00
  4.1525692e-01
 -3.4924632e-01
  9.3701440e-01
  2.7051628e-02
  4.3939347e+00
 -1.0149209e+00
  3.6043998e-02
  4.5601863e-02
  6.0639568e-02
 -4.7797076e-02
 -8.3099401e-01
  9.1755703e-02
  4.8849188e-02
 -1.0114036e-02
 -1.6983874e+00
  1.4820303e-01
  5.8710892e-02
  3.1242163e+00
 -1.2556492e-02
  1.9473182e-01
 -2.6022452e-01
 -3.6255185e-02
 -4.5780525e-02
 -1.1103834e-01
 -1.4785779e-01
  2.9136959e-01
 -1.5852456e-01
  2.3328223e+00
  1.5455414e-01
 -3.1906712e-01
 -1.5106250e-01
 -9.4840318e-02
 -3.8757235e-02
 -8.6758114e-02
  1.5934910e-01
  1.0080398e-02
  2.8766823e-01
  1.6416270e-01
  5.1010352e-01
  7.2729784e-01
  3.9585322e-01
  2.2964034e+00
  1.5940358e-01
  1.6874659e-01
 -2.1421306e-01
 -2.9649150e-01
 -9.2188674e-01
 -3.5494354e-02
  2.0211202e-01
 -1.3178478e-01
 -6.8154603e-02
  2.1172974e+00
  1.6437224e+00
 -3.7412375e-01
 -2.0211132e-01
  1.2686367e-01
  1.4108639e-02
 -7.5998001e-02
 -9.6695226e-01
 -8.5296914e-02
 -2.5104107e-02
  3.4631255e-01
 -2.1588312e-01
  1.7769986e-01
 -9.7874694e-02
 -1.4645387e-01
 -2.1826571e-02
 -1.4288883e-02
  1.1622146e-01
 -1.5906354e+00
  2.9850948e-01
  5.3941274e-01
 -1.7150716e-01
 -4.6713468e-01
  1.4528576e-01
  2.2019260e+00
  2.2134751e-01
 -8.9679666e-02
  1.1168556e+00
 -5.4646250e-02
  6.6365474e-03
  2.6838040e+00
 -1.6981703e-01
 -3.5926398e-02
  2.8224516e-01
  3.6782267e+00
  4.2332359e-02
  2.3631120e-01
  3.3071771e-01
  5.4632805e-02
 -5.2260786e-02
  1.3213766e-01
  4.3572407e-02
 -8.5338250e-02
 -3.7208200e+00
  1.7042540e-01
 -8.5722096e-02
 -6.8211520e-01
 -5.2945204e-02
  6.4330162e-03
 -1.9172374e-02
 -3.4312293e-02
  1.0709346e-01
  1.0348360e-02
 -2.1025653e-01
 -1.1963249e-01
  1.9425184e+00
 -6.3035734e-02
 -1.1145746e-01
 -1.1809127e-01
  1.4512886e+00
 -2.0647572e-01
 -2.0984924e+00
  2.0588322e+00
 -1.3884927e+00
  1.5809717e+00
  4.5394368e+00
 -5.7879215e-01
  3.4581735e+00
  7.0891392e-01
  5.2528650e-02
 -1.1650544e-01
 -2.3704629e+00
 -1.2577671e-01
  4.8470095e-02
  1.8583131e+00
  4.0414233e+00
 -4.9517629e-01
 -1.2178639e+00
 -2.8772619e-01
 -7.7563599e-02
  1.8012466e-01
 -2.3147202e+00
 -4.2005196e-01
 -7.3231310e-02
 -2.5151193e+00
 -1.3506044e+00
 -1.1991051e+00
  5.3092271e-01
 -9.5580257e-03
  1.5230087e+00
  6.3094688e-03
 -1.3987722e+00
 -1.8321592e+00
 -1.3901641e+00
  1.4804131e-01
  2.5223336e-01
  4.8575024e-03
  4.9731623e-02
  1.4904884e-02
  7.3853105e-01
  2.6260931e-03
 -8.3673757e-01
 -1.0582118e-02
  7.1064187e-03
  1.9707160e+00
  1.7333776e-01
 -1.2441469e-01
  6.9077379e-01
  1.5680206e-01
  1.2244856e+00
  2.0358640e-01
  1.7321257e-02
  1.4931728e-01
 -1.7334320e-01
  9.2583135e-02
 -1.4964609e-01
  1.5509485e-01
  5.8341593e-02
 -1.1800813e-02
 -2.2082835e-01
  1.2227105e-01
  8.3315440e-02
  1.9553289e-02
  2.0957081e-02
  1.7414282e-01
  1.5486602e+00
 -2.5831237e-01
  1.2198211e-01
  3.2905686e-01
  4.5034208e+00
 -4.8863482e-02
  1.6562218e-02
 -8.2534775e-02
  1.2355934e-01
 -2.0278884e-02
  9.4765075e-02
 -1.4239770e-01
 -8.9482933e-02
 -2.3892878e-01
 -4.3038532e-01
 -7.1126908e-02
 -4.9032904e-02
 -1.0619684e-01
 -1.4222442e+00
 -4.9977815e-01
 -6.6491669e-01
 -4.0997972e+00
 -8.0557540e-02
 -1.0056003e+00
  2.2006748e+00
 -3.2798502e-01
 -1.1447920e-01
  5.9353557e+00
 -2.0145199e+00
 -9.8844367e-01
  4.2724797e-01
 -6.6357875e-01
  1.5042137e+00
 -3.3342512e+00
 -6.6638815e-01
 -1.6134022e-02
 -1.5894740e+00
  3.0083039e-01
 -7.0598167e-01
  8.6410183e-01
 -1.1306055e+00
  4.4456130e-01
 -8.8849670e-01
 -2.6944116e-02
 -1.1945771e-01
  1.2460717e+00
  4.5221427e-01
 -8.5957038e-01
  3.2763924e-02
  3.3228450e-02
  1.1453501e+00
 -5.6776100e-01
  9.2302668e-01
  1.3982024e-02
 -4.3371713e-01
  5.5387592e-01
 -1.7228003e-01
 -2.9156032e-01
 -3.2896352e+00
  3.0036023e-02
  7.3643401e-02
 -8.6248256e-03
  4.8843727e-02
 -4.4175528e-02
  6.4950897e-03
 -4.4325788e-02
 -1.6970812e-01
 -2.4286112e-01
 -5.2370176e-02
 -2.3743024e-02
 -1.4701772e-02
  2.8772428e+00
 -1.9093892e-01
  7.6984084e-01
 -2.2148783e-03
 -2.8650269e-02
  2.1385288e-01
 -1.7141101e+00
 -3.6072984e+00
  1.7692539e-01
 -3.5988346e-01
 -1.7649064e+00
  9.0840720e-02
  2.7416912e-01
  1.2376555e-02
  2.2768715e-01
  3.4744004e-03
 -1.9820975e-01
  7.3509850e-02
  1.2375215e-01
 -7.8205264e-01
 -3.5695574e-01
  1.0485294e-01
 -8.4844375e-01
  1.1454837e-02
  2.9397726e+00
 -2.0985494e-03
 -3.4498677e-02
 -2.6185608e-01
  7.4738765e-01
  7.3288506e-01
 -1.3496935e+00
  3.7570021e+00
  5.8652723e-01
  1.9419624e+00
 -7.9915468e-03
 -1.5495162e+00
 -5.0908482e-01
  1.4854575e+00
  1.4264677e+00
 -9.9191767e-01
  5.1449406e-01
 -5.2427411e-02
 -3.8913289e-01
 -3.9631569e-01
 -6.6872358e-01
  3.8345013e-02
 -2.0313437e+00
 -2.9603902e-02
 -1.1295087e+00
 -2.6113822e+00
 -2.8624794e+00
 -5.0185533e+00
  5.0020373e-01
 -1.5291253e+00
 -3.7594828e-01
 -2.0639064e+00
 -1.9168135e+00
 -5.7815135e-01
 -1.1626208e+00
  5.6066219e-02
 -4.1385642e-01
 -4.9020823e-02
 -3.3114290e-01
 -1.5045341e+00
 -1.0125971e+00
 -6.4847910e-01
  2.2915058e-01
 -3.7771236e-02
 -9.1278024e-02
 -8.9918084e-02
  1.9043045e+00
  4.5144194e-01
 -3.1117341e-01
  2.1080177e-02
 -9.7893938e-02
 -2.1895039e+00
  1.0906845e-01
 -1.0564690e-03
 -6.8103951e-01
  1.7910679e-01
 -1.8007319e-01
  8.4831156e-02
 -7.0160973e-01
  1.1073701e-02
  1.3413011e-01
 -1.0962600e-01
  2.1916761e-01
 -8.5210539e-02
 -2.5886543e-02
  2.6223537e-01
 -1.6074681e+00
 -3.4646055e-01
 -1.8124433e-01
  3.8558683e-01
 -7.9918094e-02
  8.1941195e-02
 -4.9898680e-02
 -2.5719345e-01
  1.4530222e-01
 -4.8893511e-01
  1.0048718e-01
 -7.4201155e-01
 -6.2445279e-02
  1.7573084e+00
  1.8965170e-01
  1.1696003e-01
  4.7427259e-02
 -1.4617987e-01
 -6.4725153e-02
 -8.3328091e-02
 -2.3849626e+00
  9.1819972e-01
  1.2038068e-01
  1.2258539e-01
  1.6731554e+00
  2.0309810e-01
  1.3383953e-01
 -5.6433072e-03
 -4.9031425e-02
 -2.5236519e-02
  6.1971981e-02
 -3.2814307e+00
  7.4659744e-03
 -3.4171231e-02
 -7.2401784e-02
 -1.1159028e-01
 -2.4080580e-01
 -2.4831083e-02
  9.7034335e-01
 -3.0459091e-01
 -1.4034183e-01
  3.8274249e-01
  5.6829605e-02
 -6.5001347e-03
 -1.6571677e-01
 -6.0817928e+00
 -5.5289380e-02
  9.2597317e-04
  1.4032789e+00
  1.8877082e-01
  2.1621069e-01
 -1.5827276e+00
 -2.3339844e+00
  5.6881290e-02
  4.1330088e-02
 -1.5572756e-02
  9.4921812e-02
  1.0807100e-01
 -1.4592578e-01
 -1.5750015e-02
  1.4534330e-01
 -1.5162464e+00
  9.4061233e-03
 -4.4540293e-03
 -9.0817191e-02
  2.6213112e-01
  1.3108376e-01
 -1.3401104e+00
 -4.6211714e-01
 -1.7724444e-01
  3.9485380e-01
  1.0652975e+00
 -7.2947967e-01
  1.4907522e+00
 -2.1234557e-02
  8.9684647e-01
  1.1053274e-04
  1.8438244e-01
 -1.3608958e-01
  1.3215871e+00
 -4.1875663e-01
 -6.3640803e-01
  4.5178714e+00
  1.5252502e-01
  8.7775765e-03
  1.9726948e-01
  4.7180822e-01
 -1.4651272e+00
 -7.6966661e-01
 -1.5282939e-01
  8.1783271e-01
  7.3336922e-02
  1.3347199e+00
  5.1358759e-01
 -7.9557234e-01
 -7.2249860e-02
  3.2138155e+00
  5.9792280e-02
  5.9712702e-01
  1.2566931e+00
  2.0704879e-01
 -9.5414430e-01
 -2.5520179e-01
 -1.5404029e-01
 -5.2840415e-02
 -1.5083930e-01
  1.8539431e-02
 -1.6242465e-02
  9.1265738e-02
  6.0604105e+00
  4.8185974e-01
  1.6762844e-01
 -6.1797160e-01
  8.5510850e-01
 -1.7810532e-01
  5.7751936e-01
  5.0380928e-03
  1.6957341e+00
  9.8682858e-02
 -2.3751742e-01
 -1.0161652e-03
  3.5534480e-01
  1.6264771e-01
  2.0614313e-01
  2.6771042e-01
  8.8391924e-01
  1.1960680e-01
 -1.3265312e-01
  1.0341755e-01
 -9.8639238e-01
  3.3065647e-02
  5.7464271e+00
  2.5956521e+00
  1.4006001e-02
  1.9875705e-01
  8.6759686e-01
 -2.0157444e+00
  4.6667746e-01
  2.2964452e-01
 -1.8046364e+00
  1.1476650e+00
  2.9290897e-01
  1.1967399e-01
  5.5466190e-02
  1.8379942e-02
  2.2927539e-02
 -9.9208814e-01
  3.5314554e-01
 -1.4765334e-01
  1.1787833e-01
  4.9013299e-01
 -1.5184542e+00
  3.2537513e+00
  2.3967314e+00
  3.0779651e-01
  3.4437796e-01
  7.3940128e-01
  1.4891464e-01
  2.5644317e+00
  1.9600264e+00
  1.2043500e+00
  6.6312432e-01
  4.7745147e-01
 -3.4053262e-02
 -8.1972964e-02
 -6.1401290e-01
 -3.6586637e+00
  1.2119861e-01
  1.9092462e+00
 -1.6069257e+00
 -3.2330050e+00
 -4.6664652e-01
 -7.0953555e-02
 -3.8452122e-01
 -6.9627905e-01
  2.9985163e-02
  7.8282368e-01
 -6.0392237e-01
 -6.7491704e-01
 -2.6673978e-02
 -8.1020933e-01
 -2.8702512e-01
 -2.5419313e-01
 -4.7333952e-02
 -2.4527311e+00
 -8.6042756e-01
 -1.0380278e-01
 -1.1589723e-01
  1.1894044e-02
  1.4792386e+00
 -6.5416622e-01
 -4.1677240e-02
  7.8363873e-02
 -2.0331046e-01
  3.5319412e-01
  1.1777112e-01
  4.9041131e-01
  5.1401809e-02
  1.1966099e-01
 -2.9550059e-02
 -2.0281164e-02
 -1.3153163e-01
  1.4716299e-01
 -6.6843063e-02
  4.0491425e-02
 -3.9337906e-01
 -3.5170195e+00
 -5.0561585e-02
  1.0752629e-01
  1.6129987e-02
  1.1717860e-01
 -1.4306979e+00
  3.0131868e-01
  1.3176255e-01
 -3.9607279e-02
 -1.0216761e+00
 -8.3705895e-02
 -2.5393641e-01
 -2.6247779e-01
  4.4561967e-01
  1.4665946e+00
  8.3062291e-02
 -1.5932901e+00
  5.6086516e-01
 -4.4435106e-02
 -2.0154802e-02
  4.0396165e-02
  2.9993074e+00
  8.7595505e-01
 -1.9653454e-01
  2.1431183e-02
 -7.2009422e-02
  4.6376988e-02
  4.7612350e-02
 -5.8384351e-02
 -7.0460451e-01
 -1.0427626e-02
  1.9850240e+00
  2.8741285e-01
 -2.3120923e-01
  3.1703246e-01
  2.3495305e-01
 -4.2444967e-02
  1.5733442e-01
 -1.7106993e-01
  4.2197436e-02
 -6.7560416e-01
  1.6803058e-02
 -6.7680208e-03
 -1.6728139e-02
  4.1793808e-01
  1.5735966e-01
 -3.4840140e-01
 -5.8613177e-02
  1.3195780e-01
  1.7736596e+00
 -1.1806275e-01
  5.8033782e-01
  1.0200784e-01
  2.8033942e-01
  7.7703923e-01
 -9.1828771e-02
  8.2033738e-02
 -4.2023882e-02
  7.1668535e-02
  4.7050234e-02
 -4.7504336e-02
  3.5141546e-01
  6.9856890e-03
  2.4979617e-01
 -4.4514026e-02
  1.3385061e-02
  4.6819601e-02
 -1.7984971e-01
  6.9450343e-01
  5.3976152e-02
  3.7659699e-01
  1.2328836e+00
 -1.5973702e-01
 -1.8244357e-01
 -2.9585622e-02
  3.3765694e-01
 -1.7799957e-01
  2.6910182e-04
 -1.2213067e-02
 -2.4519933e-02
  1.1433225e-01
 -1.9896686e-01
 -1.1444177e-01
 -2.9428089e-01
  1.3304113e+00
  9.1727115e-02
  8.2825311e-03
 -6.0178738e-02
 -2.6274985e-01
 -7.1504042e-02
  1.1803142e-02
 -2.3500763e-01
  8.0884147e-01
 -1.5997539e-01
  1.1401751e-01
  1.2584467e-01
 -7.3213479e-03
  5.9444833e-01
 -4.0768165e-02
  3.3697900e-01
 -3.9813709e-01
  7.4473578e-01
 -8.9949358e-01
 -1.6240855e+00
  2.7502039e-01
 -9.0280967e-03
  1.0921042e-01
  9.1322936e-02
 -1.8228853e-02
 -2.0474441e+00
 -3.9072741e-02
  2.8026387e-01
 -5.1798221e-02
 -1.0471210e-01
 -5.7301015e-02
  1.2948257e-01
 -3.0357268e-01
  2.8582038e-02
  1.4932549e-01
  3.2774326e-03
 -1.5093400e-02
  3.6278820e-01
  6.6921659e-02
  1.1147196e-01
 -2.3789259e-02
  3.1810541e-02
  6.8739556e-02
 -1.2693310e-01
  1.7884308e-01
  8.1649154e-02
 -5.0862525e-02
 -2.6623026e-02
 -2.6059471e-02
 -4.5157509e+00
  3.9885025e-02
 -1.6522790e-01
 -1.0278364e+00
  1.7967224e-01
  1.2314933e-01
 -8.3831668e-02
 -1.9484643e-02
  1.4673179e-01
  2.2059451e-03
  1.5015788e+00
  1.1506259e-01
 -3.6718737e-02
  1.1576137e-01
 -1.0142045e-02
  5.9375219e-02
  1.8334201e-01
  8.3612338e-02
  6.5310532e-01
 -6.3037378e-01
  1.4899552e-01
  1.4829268e-01
 -8.4196076e-02
  2.3459862e-01
 -9.6378767e-01
  7.8057110e-02
  8.1982571e-01
 -1.2951073e-01
  1.6454226e+00
 -3.2174714e-02
 -1.9065053e+00
  1.8241179e-01
 -1.3135438e-02
 -1.0041849e-01
 -2.6810004e-03
 -5.0641328e-01
  1.0742397e+00
 -3.7876320e-01
  9.9641210e-01
  2.2885578e-02
  5.4682430e-02
 -6.2866881e-02
 -1.1758190e-01
 -1.5404144e-01
  8.3695650e-02
  9.0061322e-02
  6.5975839e-01
  7.3464341e-02
 -2.4067630e-01
  6.5205529e-02
  1.3173815e+00
  1.0319167e-01
  1.9582864e+00
  3.9223034e-02
 -4.2631812e-02
  1.4327946e-02
 -3.3248204e-01
 -1.2558714e-01
 -1.5239259e-02
 -3.2091692e-01
 -1.7676999e-01
 -1.0107533e-01
 -1.0304759e-01
  3.1119648e-01
  1.0544857e+00
  1.8573570e+00
 -2.5292497e+00
  1.8235036e+00
 -1.0271412e+00
 -1.2977743e+00
 -1.0513600e+00
  1.7188817e+00
 -2.9983997e+00
  8.4367830e-01
 -7.6449239e-01
  1.5279723e+00
  4.3141916e-01
  2.8529980e+00
  3.0050697e-02
 -1.3677801e+00
 -1.6643836e+00
 -9.2227262e-01
 -6.3551265e-01
 -1.1009637e-01
  6.6244072e-01
  2.7933507e+00
 -2.5933060e-01
  1.4189065e+00
 -6.1464274e-01
  7.2793281e-01
  7.5552213e-01
 -1.5138822e+00
  3.3434813e+00
  1.3045830e-01
  1.6055388e+00
 -2.2848184e+00
  1.2794391e+00
  1.4860244e+00
 -8.8299912e-01
  7.1563378e-02
  1.6715791e+00
 -7.1096718e-01
 -9.8556625e-03
  6.5496701e-01
  1.2749370e+00
  9.0628639e-02
  1.6267849e+00
  1.6521815e-02
  2.3069751e-02
  2.7116988e+00
  4.9973689e-02
  1.3174523e-01
  1.2293118e+00
  1.0558931e-01
 -2.1085390e-01
  5.1668569e-02
 -5.6372848e-03
  5.0643113e-02
 -4.6988103e-01
  2.9576924e-01
 -5.4519020e-02
 -9.5830441e-02
 -7.7269249e-02
  9.7207880e-01
  1.4514183e-01
  1.9031092e+00
  1.3123365e-01
  1.4173555e-03
 -2.0918360e-01
  2.6076959e-02
  8.9137331e-03
  2.0382347e-02
  1.6427943e-02
 -1.5860172e-01
 -1.8479489e-02
 -3.3341732e-02
 -5.0143254e-01
  2.5993679e-02
 -1.2500384e-01
  3.2131581e+00
  3.4445032e-02
 -2.7262056e-01
 -4.9285952e-02
  8.8455804e-02
 -1.7794244e-01
 -5.8063837e-03
  8.6725372e-01
 -1.0085947e-01
 -4.3602915e+00
  1.1386209e+00
  1.1855770e+00
 -3.4332373e+00
 -8.6785823e-01
  3.4613709e+00
  1.3120083e+00
 -2.5359993e+00
 -5.5238771e-01
  1.5975581e+00
  2.5344079e+00
  1.1375076e+00
 -3.5618606e+00
 -3.4181395e-01
 -3.2261748e+00
 -1.0193603e+00
  3.4092641e+00
  3.1388068e+00
  3.2306097e+00
  1.8001652e+00
 -3.3346312e+00
  3.9122300e+00
  2.9184134e+00
 -1.5667346e+00
 -5.1536524e-01
  4.3743839e+00
 -2.6482871e+00
  2.6140654e+00
  1.2490629e-01
  1.9686707e+00
 -2.5688894e+00
 -2.5340645e+00
 -3.3141229e+00
 -3.7143695e-01
 -2.6716690e+00
  1.0685730e+00
 -4.5432620e+00
  5.7881641e-01
  3.1973348e+00
  3.1085672e+00
  7.5143772e-01
 -6.4145035e-01
 -1.3478483e+00
  3.6444247e+00
 -1.6344740e+00
  1.9877263e+00
 -3.1103866e+00
  1.5702231e+00
  4.0917116e-01
 -3.1116281e+00
 -2.0626245e+00
  5.2748984e-01
  3.8570271e+00
 -4.6897559e+00
 -1.7236639e+00
  6.2461290e+00
  4.4586915e-01
 -7.2191691e-01
 -1.8063074e+00
  1.8078390e+00
  1.5300210e+00
  1.1269274e+00
 -4.1594210e+00
  7.2433817e-01
 -1.8178567e+00
  3.6262158e-01
  3.7323754e+00
  3.1365931e+00
  1.4017069e+00
  2.0820515e+00
 -1.7132653e+00
  4.6571603e+00
  9.9128687e-01
 -1.4545807e-01
 -1.0436960e+00
  3.4709692e+00
 -2.8849952e+00
  2.3042839e+00
  8.9484584e-01
  2.7732415e+00
 -2.9169035e+00
 -2.0803502e+00
 -4.2000833e+00
  1.9193420e+00
 -1.1387584e+00
  1.9463546e+00
 -2.5848434e+00
  1.1044948e+00
  1.8883206e+00
  3.4862223e+00
 -3.4294885e-01
 -1.5589185e-01
 -5.2212423e-01
  2.1604609e+00
 -6.6675699e-01
  1.5286051e+00
 -1.9235544e+00
  5.6589499e-02
  2.0999370e+00
 -2.2032619e+00
 -8.6328606e+01
  2.9293963e-01
  3.6645324e+00
 -6.0169631e-01
 -2.4488218e+00
 -1.6590178e+00
 -1.8668443e+00
 -1.0304346e+00
  1.2285058e+00
  2.6848549e-01
 -1.0452861e+00
  5.6093943e-01
  1.9834143e+00
 -2.8357235e-01
  9.4951791e-01
 -4.8636713e+00
 -2.3498350e-01
 -2.0437794e+00
 -4.4004610e-01
  2.0135150e+00
 -3.0642674e+00
 -7.0291846e-03
  1.2905421e+00
 -2.2404246e+00
  3.4400795e+00
  1.2879198e-03
 -2.7906549e+00
 -1.8518962e-01
  3.1808038e+00
 -1.7573225e+00
  8.7051213e-01
  2.3086617e+00
  6.5030974e-01
  3.3978856e+00
 -2.0501766e+00
  3.5038035e+00
 -4.1838918e+00
  1.9092112e+00
  3.1929891e+00
 -2.3304159e-02
 -2.0573795e+00
  1.7716262e+00
 -2.0203855e+00
 -1.3056329e+00
  1.1543111e-01
  5.5597275e-01
  1.8819396e-01
 -2.4468794e+00
 -4.1380829e-01
  4.3493118e+00
 -3.1365770e-01
  8.7943387e-01
 -1.7556654e+00
  7.0984302e+00
  1.6268982e+00
 -1.3435134e-01
  3.2305503e-01
 -8.3729124e-01
  1.6577015e+00
  1.3288200e+00
  2.4617466e-01
 -1.9500449e-01
 -4.2493942e-01
  1.8424426e+00
 -2.0517247e-02
  1.2807416e+00
  2.5216064e+00
  1.6338930e+00
 -7.5712603e-01
  1.0667286e+00
  2.1984687e-01
 -1.2872851e+00
  3.2685637e-01
 -2.1834874e+00
  4.1850016e-01
 -2.3131790e-02
 -1.2542030e+00
  3.4478599e-01
 -3.7717599e-01
 -3.9586840e+00
 -4.0402479e+00
 -1.1013842e+00
  4.6371067e-01
 -2.4855706e-01
 -4.0379181e+00
 -2.8088777e+00
  2.7613561e+00
 -2.4522281e+00
 -5.9130585e-01
  1.4128712e+00
 -2.3084085e-01
 -1.1620088e-01
 -2.1360421e+00
 -1.1317152e-01
 -1.5746357e+00
  2.0317066e-01
 -4.0020415e-01
 -2.0312418e-01
 -1.4320219e+00
 -1.9416677e+00
 -5.7883322e-01
 -4.6248674e+00
  1.4743712e+00
  1.5598663e+00
  6.0891747e-02
  6.7903394e-01
 -2.3601219e-01
 -1.9085957e+00
  2.0804613e+00
 -1.3999172e+00
 -2.0703137e+00
  1.5886365e+00
  3.2744024e-02
 -1.6517781e+00
 -4.9086541e-01
 -2.1040232e+00
  2.2084107e+00
 -1.6876060e+00
  1.3397382e-01
 -2.2456903e+00
 -1.1682209e+00
 -5.0250010e+00
 -2.5155377e+00
  5.7056755e-01
 -3.0144453e+00
 -5.9182072e+00
  1.4450642e+00
  4.4131726e-01
 -1.0225410e+00
  1.5672073e+00
 -2.2977166e+00
  2.2606111e-01
 -1.7644652e+00
 -3.1279799e-01
 -9.3282449e-01
  9.7568564e-02
  1.3580172e+00
 -1.2319545e+00
  6.5294546e-01
 -5.9428561e-02
  8.9774400e-01
 -5.8233123e-03
  3.9573009e+00
 -2.3527479e+00
  2.4536324e+00
  9.8576772e-01
 -3.7191433e-01
  3.3964343e+00
 -6.6035861e-01
  1.5106802e+00
 -4.0664129e+00
 -1.6720725e+00
  1.4980955e-01
 -1.8853749e+00
  2.4232721e+00
 -1.5349298e+00
  8.2980961e-01
 -3.0246017e+00
 -9.7663683e-01
  1.7749150e+00
 -3.5744682e-02
 -2.8864403e+00
  8.3028674e-02
  2.3088977e+00
 -5.3443920e-02
  9.8744392e-01
 -5.9522521e-01
 -2.1183007e+00
 -1.0831937e+00
 -1.6221074e+00
 -2.4534726e+00
 -3.2997489e-01
  5.0236616e+00
  3.0650995e+00
  1.2619578e+00
  1.7101432e+00
  1.4721999e+00
  5.1778483e-01
 -3.2586696e+00
 -2.7162364e-01
  1.1615351e+00
  8.9735234e-01
 -5.2810746e-01
 -2.5151126e+00
  8.4655625e-01
 -1.5322230e+00
 -1.0910813e+00
  1.4712019e+00
  1.7005894e+00
 -1.1186492e+00
 -6.5698236e-01
  3.0461302e+00
  3.1632833e+00
 -2.7679089e-01
 -6.0393162e+00
  4.1209249e+00
  1.2284255e+00
 -1.6481055e+00
  7.8118843e-01
 -4.6525216e+00
  3.0401024e-01
 -8.8132948e-01
 -3.5292593e-01
  1.2027679e-01
 -3.1363184e+00
  1.0228976e+00
 -3.8788245e+00
 -1.7860154e-02
 -1.9214755e-01
  3.1570137e+00
  3.3956964e-02
 -2.7024534e+00
 -1.3965343e+00
 -4.4200540e+00
 -7.1757041e-02
 -2.6219077e+00
  2.1301830e+00
 -5.8583815e-02
  2.8444881e+00
 -1.6009963e+00
  2.3284013e+00
  5.0497942e-02
  1.1840130e+00
  1.4479175e-01
 -8.9713097e-01
  6.6713452e-02
  2.1276746e+00
  2.6967885e+00
 -1.2384775e-01
  9.7943068e-01
 -5.0344878e-01
  1.2760625e+00
  1.2576638e+00
 -7.8956582e-02
  1.1601868e+00
  3.0381749e+00
  3.6704137e+00
 -1.4978263e-01
  1.1239737e+00
 -2.1155040e+00
  1.0933902e+00
 -2.9063065e+00
 -3.1259418e+00
 -3.4181714e-01
  3.4024206e-01
 -2.9915307e+00
  7.7401027e-02
  2.7507296e+00
  4.5288162e+00
 -3.9334613e-01
  2.0417757e+00
 -6.1934930e-01
  1.8436573e+00
  1.7925105e+00
 -3.0071718e-01
 -6.8659216e-02
 -1.5007591e+00
  2.6323442e+00
 -1.1446630e+00
 -9.9647242e-01
  1.0718244e+00
 -1.2741688e+00
  1.3608075e+00
 -1.7913546e-01
 -1.4145014e+00
  2.0794148e+00
  1.4429647e+00
 -2.5799806e+00
  2.6932631e+00
  1.6815568e+00
  1.1375541e-01
  1.2537622e+00
 -1.3766112e+00
  2.1442680e+00
  5.3209543e-01
  1.5492395e-01
 -1.2639033e+00
  2.2336680e-01
  2.7440991e+00
  1.0848072e+00
 -8.3316249e-01
 -2.1100153e-01
 -5.7538635e-01
 -3.1512830e+00
  2.9757361e+00
 -9.3976682e-01
 -1.7388995e+00
  4.0266814e+00
 -8.4994692e-01
 -9.1625732e-01
  3.3844683e-02
 -6.2160659e-01
  1.4158964e+00
 -1.6039395e+00
  2.5037712e-01
  6.3288391e-01
 -2.4637785e+00
 -1.5693580e+00
 -5.3160393e-01
  7.0224136e-02
  1.4069320e+00
 -3.9660439e+00
 -1.5312800e+00
  7.8704721e-01
 -1.5950808e-01
 -3.0287901e-01
 -2.1506655e+00
  3.3105912e+00
  9.1955423e-01
  1.3459753e+00
 -1.3832883e+00
  1.8871481e-02
  2.7782505e+00
 -1.4213679e+00
 -1.3858382e+00
  1.6538250e+00
 -1.3045701e+00
 -3.2372291e+00
  1.1270542e-01
  2.9032900e+00
  1.2861114e+00
  2.3956857e+00
  8.1910861e-01
  1.3972597e+00
  1.2648159e-01
  1.5697255e+00
  8.0810219e-01
 -8.3444417e-01
 -3.6244798e+00
  4.8151118e-01
 -1.4734535e+00
 -8.1824819e-03
 -1.3334738e-01
 -9.0431519e-02
  6.8923962e-01
 -6.6572535e-01
 -1.2672424e+00
 -2.5697854e+00
  4.9446636e-01
 -2.9661880e+00
  8.3802879e-02
 -1.7311665e-01
  2.7917337e+00
 -4.3933663e+00
  1.6301787e-02
  1.2312781e+00
  5.5926361e+00
 -5.0355035e-01
  2.2050712e+00
  9.1148518e-02
 -2.6630909e+00
  2.7708700e+00
 -1.6265136e-01
 -4.4498515e-01
  2.7215043e-02
  2.6507599e+00
 -1.0461215e+00
  3.2664087e+00
 -8.9633745e-01
 -3.6008070e+00
 -1.5930763e+00
 -9.4738829e-01
 -2.8653219e-01
 -8.4949905e-01
 -2.7659283e+00
  2.6756492e+00
  2.7986796e+00
  9.9838173e-01
 -1.8885002e+00
  3.6164531e-01
 -2.6991907e-01
 -2.7197385e-01
 -9.9995270e-02
 -7.7337027e-01
  9.6508110e-01
 -2.6688445e+00
  1.7755555e+00
  1.7208320e+00
 -1.7681944e+00
  1.7127051e+00
  6.8690860e-01
 -2.2878107e-01
 -8.2444602e-01
 -1.6064717e+00
 -2.4522500e+00
 -1.9262108e+00
  6.5706301e+00
 -7.3379654e-01
 -6.4054042e-01
 -1.3251818e+00
  2.3082918e-01
 -1.1706450e+00
 -4.2730987e-01
 -1.2660745e+00
 -3.3288467e+00
  2.6654920e-01
 -7.9777712e-01
  2.9462409e+00
 -1.4004942e+00
 -1.1117303e+00
 -1.3201578e+00
  5.6454402e-01
  2.1559082e-01
  1.0231289e-01
 -1.6211413e+00
 -1.5951618e+00
 -1.7911304e+00
  8.5165095e-01
  2.5868356e-01
  2.7226796e+00
 -3.9047332e+00
  2.3635516e+00
  2.5412899e-01
  4.0083861e-01
  1.8470064e-01
 -3.7512591e+00
  7.3174722e-03
  2.1287511e-01
  2.2367857e+00
 -1.7018259e-01
  4.5837860e+00
  8.7934278e-02
  2.1646323e+00
 -1.3055842e+00
  2.3221017e-01
  4.5568508e-01
 -5.0938451e-01
 -1.0512222e+00
  1.6788708e+00
 -7.9371727e-01
  2.0089130e+00
  1.5558209e+00
  5.4755861e-01
  1.6564122e+00
 -1.8195802e+00
 -1.1758422e+00
 -1.1702681e+00
  7.8112733e-01
 -6.0508454e-01
  8.6363757e-01
 -1.0170349e-01
  3.9929423e-01
 -3.9476466e-01
  1.3463340e-02
  6.9519937e-02
  2.9863644e+00
 -3.3615220e+00
  1.2951475e+00
 -1.4971025e-01
  3.6265066e-01
  3.1024842e+00
 -3.8328960e+00
  3.6968425e-01
  7.8455490e-01
  2.6818621e+00
 -4.9329913e-01
  1.9614480e+00
 -7.5625539e-01
  4.1687889e+00
 -1.4396602e-01
 -5.0125188e-01
 -2.0000021e+00
 -6.3268858e-01
  2.0503001e+00
 -2.4393997e+00
  8.9099187e-01
  1.1495250e+00
  2.7152238e+00
 -1.0324686e+00
 -2.2982662e+00
  9.2892933e-01
 -6.8791848e-01
  1.9333707e+00
 -2.9920623e+00
 -7.8056365e-01
  3.0053208e+00
 -8.2154024e-01
 -3.2003031e+00
 -3.0627968e+00
 -1.5175387e-01
 -6.7502093e-01
  9.7779387e-01
 -2.3890667e+00
 -1.2147046e+00
  3.3634982e-01
  1.4792194e+00
  1.2489422e-01
  8.1926537e-01
 -3.2532811e-01
 -4.2354262e-01
  1.0898223e+00
 -1.2800397e-01
 -9.5398849e-01
  5.4394889e+00
  6.4882600e-01
  9.6773046e-01
 -3.6086066e+00
 -1.5693141e+00
 -1.5138569e+00
  1.6417814e+00
 -9.2132151e-01
  2.6056697e+00
 -3.1559160e-01
 -4.1610938e-02
  9.3330048e-02
  3.5586274e+00
 -1.0969094e+00
 -3.9584447e-02
  4.2524796e-02
  2.2150549e-01
  4.4223651e-01
  1.1067781e+00
 -1.0551628e+00
  7.5274456e-01
  2.3474307e+00
  1.2308004e+00
  4.0789318e+00
  3.6523812e+00
 -1.5892310e+00
  6.6607878e-02
  1.8515700e+00
 -1.8315618e+00
  6.7164892e-01
 -8.4395504e-01
  1.4249576e+00
  1.8780594e+00
  2.2280693e+00
  3.4411981e+00
 -1.1017193e+00
 -2.3970208e+00
  1.5555282e+00
  2.2442102e+00
  9.3616003e-01
 -4.3661113e+00
 -1.1441692e+00
  2.0018156e+00
 -1.5840544e+00
  1.5839407e+00
 -3.8762337e-01
  1.0182722e+00
 -2.5846979e-02
  7.0727426e-01
 -3.7331429e+00
 -2.6062036e+00
  4.8837090e-01
 -8.7526339e-01
  2.6658806e-01
 -2.6690142e-02
  2.4381678e-01
 -5.5411750e-01
 -1.4105563e+00
 -3.3994482e+00
  1.0869776e+00
  2.2896148e-01
 -1.2073876e+00
 -3.8909882e-01
  4.7240382e-01
 -1.4446707e+00
  5.5532163e-01
 -9.1001081e-01
 -1.8099579e+00
  6.1617577e-01
  2.1598120e+00
 -3.9066926e-01
  2.3097045e+00
  7.8838152e-01
  1.0371970e+00
  3.0200702e-01
 -7.6539958e-01
 -9.0922570e-01
  1.9493724e-01
 -4.1206026e-01
 -2.2003067e+00
  8.3726275e-01
  8.8919729e-01
 -5.3067791e-01
  1.1933690e-01
 -1.6206230e-01
 -1.1561188e+00
  9.7208411e-02
 -2.1441813e+00
 -7.0409644e-01
 -1.1268572e+00
 -1.4412072e-02
 -1.5979069e+00
 -1.6090579e+00
 -2.6991251e-01
  1.3399120e-01
 -9.7954547e-01
 -3.0920008e-01
  4.2071930e-01
  2.1464343e+00
 -2.9488130e+00
  1.8812476e+00
 -3.6472318e-01
 -8.3310437e-01
  5.9355277e-01
  1.2718273e+00
 -2.5361495e-02
 -1.1753004e+00
  1.8356365e-01
 -6.5576202e-01
 -2.7330623e+00
  2.9827803e-01
  2.2498527e-01
  1.8164878e-01
  3.6386864e+00
  5.5879188e-01
 -5.9353876e-01
 -3.2229203e-01
  8.8673073e-01
  7.7000149e-02
  6.0440934e-01
  2.4941189e-02
  5.9533615e-02
 -6.7897260e-01
 -1.2131346e+00
 -2.1033940e+00
 -1.8017788e+00
  1.7258132e+00
  8.8022470e-01
  3.1408155e-01
 -2.0742801e-01
  1.3661286e+00
 -1.0584545e+00
 -1.3081861e+00
 -5.8136261e-01
 -1.6096939e+00
 -5.6601778e-02
  8.3651668e-01
  2.8719079e-01
  1.2662303e+00
  1.9900405e-01
 -1.9443350e-02
 -1.2718476e-01
  2.1514659e+00
 -7.0619583e-01
  6.0611492e-01
 -1.4376029e+00
  3.0268145e-01
  2.1991491e+00
 -4.0651411e-01
  2.0896912e-01
 -6.3115984e-01
  2.0777712e+00
  2.1918713e-01
 -5.5313098e-01
 -1.9090387e-01
  1.7931356e-01
  3.3387225e+00
  1.6285709e+00
 -9.7011197e-01
 -1.3127080e+00
 -7.1671987e-01
  1.2318156e+00
  1.9905084e+00
  1.4193827e+00
  1.5132581e+00
  3.1537147e+00
 -3.3466592e-01
  6.7175138e-01
 -1.2881504e-01
 -1.0696907e+00
  1.3281691e+00
  6.1166430e-01
  4.4218659e+00
  4.3941593e-01
 -3.6623657e+00
  1.0102429e+00
 -2.0558209e+00
  1.7147733e+00
 -1.4382248e+00
 -3.1993616e+00
 -2.9580746e+00
 -2.2350936e+00
 -2.6167269e+00
  2.8474824e+00
 -2.8936383e-01
 -4.1537720e-01
  1.2369323e+00
 -1.3066912e+00
 -1.5424726e+00
 -2.3333266e-01
 -4.9316106e+00
 -2.8202977e+00
  8.8975412e-01
 -1.9995754e+00
  8.2720464e-01
 -1.2748522e+00
  1.1402250e-02
  2.3794930e+00
 -4.9605783e-02
  2.7557334e-01
  1.8444940e-01
 -4.1128592e+00
  1.4353945e+00
 -4.3360576e-01
 -5.2889180e-01
 -3.3390835e-01
  2.5555904e+00
  6.7624360e-01
  2.6066215e+00
  1.1668919e+00
 -4.6564911e-02
 -4.6922046e-01
  1.1247567e+00
  7.6980996e-01
  6.6018194e-01
  1.7211068e-01
 -6.2480336e-01
  2.1412859e+00
  1.1513455e+00
  1.0815269e+00
 -5.0681734e-01
  2.1577303e+00
  9.6980011e-01
  1.7446725e+00
 -9.0624070e-01
 -8.3078384e-01
  4.7428024e-01
  4.3669134e-01
 -1.0061382e+00
 -4.3204108e-01
  1.8270792e+00
 -2.4380668e-01
  1.1440120e+00
 -4.0320271e-01
 -6.7662895e-01
 -1.3047618e-01
  1.7461883e-01
 -7.9952842e-01
 -7.7809435e-01
  2.6269495e+00
 -1.6353711e+00
  9.1526610e-01
 -1.3062564e+00
 -1.2442146e-01
 -5.0277638e-01
  1.0690626e+00
 -6.1799794e-01
  6.1962146e-01
  2.6850829e+00
  1.0096722e+00
  1.9488233e-01
  3.4103200e+00
  6.8467721e-02
 -5.5628157e+00
 -3.0284016e+00
  1.5647337e+00
  1.1032307e+00
  3.3202565e-01
 -3.9740579e+00
  2.4815888e+00
  1.4806660e+00
  6.2376076e-01
  2.5490093e+00
  1.2902232e+00
  6.5452957e-01
  2.7235403e+00
  5.9302813e-01
  1.3253491e-01
 -6.1069444e-02
 -1.4365423e+00
 -9.4421071e-01
  2.2110553e+00
  1.3706234e+00
  3.0528733e-01
  3.5629661e+00
 -6.2451923e-01
 -2.6373506e-01
 -2.9311138e-01
 -2.9624112e+00
 -6.1799997e-01
 -4.5559120e-01
  1.3678490e+00
 -4.4424590e-01
 -1.8088201e-01
  3.3098999e-02
 -1.7620459e+00
  2.6113629e+00
 -1.0317322e+00
  1.7470113e+00
  3.9811340e-01
 -1.1131823e+00
 -3.1860940e+00
 -2.9315433e-01
 -1.7639654e-02
 -1.5301129e-01
  7.2098798e-01
  3.6381793e-01
  8.9095402e-01
 -7.6586300e-01
 -1.9811530e+00
  7.4822061e-02
  1.1564977e+00
 -7.3331141e-01
  1.9642298e+00
 -2.7954907e+00
  8.1216270e-01
 -5.8303171e-01
 -1.4879131e+00
 -1.4540125e+00
  2.3157641e-01
  2.1787331e+00
 -2.2974920e-01
  5.2615207e-01
 -1.9019985e+00
  4.4448513e-01
 -6.4347416e-01
 -1.3076273e+00
 -3.5986969e-01
  3.0519404e-02
  1.1518583e+00
 -1.1917247e-02
  9.4605410e-01
  2.9664526e+00
 -1.5741827e+00
  3.7223721e-01
 -2.4449869e-01
 -1.1598969e+00
  1.5540615e+00
 -2.1347611e+00
 -7.6582700e-02
 -2.4586961e+00
  1.2398835e+00
  4.6336833e-02
  3.5811570e-01
 -1.9367690e+00
  7.3819566e-01
 -3.3451002e-02
  3.6164200e-01
  2.2281392e+00
 -4.6771426e+00
 -2.5434080e-01
 -5.8664031e-02
  1.1787447e-01
  2.8148048e+00
  4.2053124e-01
 -5.3066310e-02
 -3.8445194e+00
  1.5692532e-02
 -1.6088710e+00
  4.7322803e+00
 -2.5293896e-01
 -4.1547725e-01
 -4.7018108e-01
 -1.5096887e+00
 -2.1077879e-02
 -2.6880195e+00
 -2.3900571e+00
 -2.5075169e+00
  3.4044752e-01
  4.4319871e-01
  1.2833651e-02
 -3.9039862e-01
 -6.5968907e-01
  5.2821457e-01
 -2.2028005e-02
  4.0375036e-01
  1.3818052e+00
 -1.3100946e+00
  6.1754916e-02
  1.3348352e+00
 -1.6806124e+00
  4.9619687e-01
  1.3209917e-01
 -6.4603037e-01
 -6.5707791e-01
  1.2316262e+00
 -5.9419352e-01
  6.5279871e-01
 -4.8358354e-01
 -1.1280909e-01
  2.3554051e+00
 -5.5862671e-01
  5.4953313e-01
 -7.7824450e-01
  8.5196233e-01
 -1.8734165e-01
 -3.0431929e-01
 -1.7033347e-01
 -1.3845613e+00
  1.8890617e+00
  2.2946535e-02
 -7.0255744e-01
 -9.4490016e-01
  6.9164030e-02
 -5.5724084e-01
  1.9010101e-01
 -1.5927787e+00
  1.2983564e+00
  8.8061059e-01
 -2.2536835e-01
 -1.6065972e-01
  1.3750076e+00
 -3.0479381e+00
 -2.5527325e+00
 -8.4030515e-01
 -9.5380485e-02
 -1.9240587e+00
 -2.5253752e-03
  1.2000606e+00
 -2.9718328e+00
  3.7499823e-02
  1.5241249e+00
 -5.6921307e-02
  6.2955076e-01
 -9.3261832e-03
 -2.0337753e+00
  7.3558438e-01
 -6.4029968e-01
 -3.6725974e-01
 -7.6028186e-01
 -1.1163199e+00
  2.3774521e+00
 -2.8571198e+00
  5.5005860e-01
  2.2873781e+00
 -6.5866959e-01
  2.7508392e+00
 -6.4784348e-01
 -1.5109357e+00
  1.1198918e-01
 -5.1867661e+00
  7.7197897e-01
 -4.2010853e-01
  2.7802963e+00
 -1.6715224e+00
 -2.6926410e-01
 -2.0138354e+00
  7.0831023e-02
  9.3944633e-01
 -2.8175445e+00
  1.3448262e+00
  6.3619435e-01
 -8.1310987e-02
 -2.9319994e+00
  1.2013451e+00
 -2.6390010e-01
 -3.9395592e-01
 -5.4510093e-01
 -2.3860899e-01
 -6.2326096e-02
 -5.0514948e-02
 -1.7669162e+00
  7.3005986e-01
  1.4296122e+00
  2.0103604e-01
 -9.2581190e-02
  2.3870485e+00
  4.6467006e-01
  7.2585011e-01
 -2.3035097e+00
 -1.3810238e+00
  1.8758386e+00
  2.1418428e+00
 -1.7915415e+00
  2.8587833e-01
  3.2112508e+00
  8.7709516e-01
  1.5801436e+00
 -1.0294523e+00
 -6.7945188e-01
  2.1524825e+00
 -4.1959348e-01
 -7.7774918e-01
  6.5917277e-01
  2.9865491e+00
  1.3593648e-01
  1.3647588e+00
 -7.5713485e-01
  3.1761579e-02
  4.3963227e-02
  3.0439646e+00
 -8.6678004e-01
  5.1302803e-01
 -3.5318908e-01
  4.1045675e-01
 -2.3813158e-01
 -1.6309534e+00
 -2.1923450e-01
 -2.9746501e+00
 -1.9156538e+00
 -3.4670781e-02
 -3.5167012e-01
  4.8079625e-02
  2.4208222e-01
  1.0887521e-01
 -3.1538975e-01
 -1.7170909e-01
 -2.9063356e+00
 -2.0290546e+00
  1.6864251e-01
  2.5544861e-01
  4.1733462e-01
  1.9407304e-01
 -4.2463171e-01
  2.3481493e+00
  8.3147001e-01
  3.3010879e+00
  1.4322199e+00
  4.1774586e-01
  1.8506521e-01
 -1.4543742e+00
  2.4395752e+00
 -3.3945496e+00
 -2.8219444e-01
 -2.8937056e+00
  3.7861619e+00
 -8.8216472e-01
  1.9627842e-01
 -1.5734576e+00
 -2.0668621e+00
  5.7260388e-01
 -5.3048575e-01
 -9.3557291e-02
 -1.2675861e+00
  1.8783967e+00
  1.8449578e+00
  2.4348748e+00
  1.6639920e-01
 -3.8029695e-01
 -1.8586700e+00
  1.4377705e+00
  1.0521034e-01
 -4.3131962e-01
 -1.8815248e+00
  2.8355715e+00
 -1.4634572e-01
  2.7345674e-02
 -5.6301838e-01
 -7.8636122e-01
  2.9980035e+00
 -2.9986534e+00
  1.2014556e+00
 -8.7974042e-01
 -8.2977712e-01
  1.0208151e+00
 -4.7445536e-01
 -1.2627254e-01
  6.7942089e-01
  1.2878164e+00
 -2.0050852e+00
  1.7175078e+00
 -6.9793808e-01
 -1.4142452e-01
 -5.6152958e-01
 -9.4952244e-01
  1.2133237e+00
  9.5592600e-01
  2.8347635e-01
 -1.1694547e+00
  1.0616735e+00
 -2.6193342e-01
 -1.8328959e+00
  6.3389522e-01
  1.9646844e-01
  1.9007021e+00
 -1.5610114e-01
  1.8695717e+00
  1.5930187e+00
 -3.3724444e+00
  4.6558684e-01
  3.0274305e-02
  6.9516711e-02
 -9.6941047e-04
  9.7187348e-02
  2.9027998e-01
 -2.8616657e+00
 -4.1598314e-01
 -2.4895718e+00
  1.1366866e+00
 -1.1876882e+00
  2.5502033e+00
  6.2655663e-01
 -1.2219741e+00
 -2.1654339e+00
 -7.7177966e-01
  1.0521817e+00
  1.5533099e+00
  1.6630030e-01
  1.2485951e+00
  1.8727487e+00
 -7.4848604e-01
  8.3435726e-01
 -2.7263507e-01
 -4.0710740e-02
 -2.6220345e+00
  3.6094246e+00
  2.8773144e-01
  4.4953653e-01
  1.4982561e-02
  9.1893144e-02
  2.7781736e-02
  3.6087926e-03
  1.1390073e+00
  8.1351884e-03
 -9.7905749e-01
  2.0217371e+00
 -1.7560816e+00
  5.4505116e-01
  1.0565438e+00
 -1.3725345e+00
 -5.6779134e-01
  6.0484248e-01
  1.9759656e+00
  8.0827785e-01
  1.5775949e+00
 -4.3521121e-01
 -1.5712307e-01
  8.4749293e-01
 -2.5681138e+00
  1.5696769e+00
  1.6389276e-01
 -2.3999082e-01
 -9.8101395e-01
 -3.4218997e-01
 -3.4173107e-01
 -4.7604963e-01
  1.7914639e-01
  1.5213668e+00
  1.7872707e+00
 -5.1315945e-01
 -8.3115733e-01
 -1.3380109e-01
 -1.5996883e+00
  1.0871772e+00
 -4.1683742e-01
 -1.8042743e-01
  3.3145714e+00
  2.4660695e-01
 -3.3537188e-01
 -2.9735988e-02
 -1.6494055e+00
 -7.9413700e-01
  3.5065154e-03
  3.5065154e-03
  3.5065154e-03
  3.5065154e-03
  3.5065154e-03
  3.5065154e-03
  3.5065154e-03
  9.8915966e-03
  9.8915966e-03
  9.8915966e-03
  9.8915966e-03
  9.8915966e-03
  9.8915966e-03
  9.8915966e-03
  5.3488915e-03
  5.3488915e-03
  5.3488915e-03
  5.3488915e-03
  5.3488915e-03
  5.3488915e-03
  5.3488915e-03
  5.3047435e-03
  5.3047435e-03
  5.3047435e-03
  5.3047435e-03
  5.3047435e-03
  5.3047435e-03
  5.3047435e-03
  3.6025236e-03
  3.6025236e-03
  3.6025236e-03
  3.6025236e-03
  3.6025236e-03
  3.6025236e-03
  3.6025236e-03
  1.4951628e-03
  1.4951628e-03
  1.4951628e-03
  1.4951628e-03
  1.4951628e-03
  1.4951628e-03
  1.4951628e-03
